Date,cencppprivnonres,cencppprivres,cencpppub,cencpptot,cenhfs-supplymsa,cenhs-usmsa,cennewhsavgm,cennewhsmedm,Date,NAV
2007-12,401961,410303,296694,1108958,9.6,619,284400,227700,2007-12,10
2007-13,401961,410303,296694,1108958,9.6,619,284400,227700,2007-12,10.06
2007-14,401961,410303,296694,1108958,9.6,619,284400,227700,2007-12,10.07
2007-15,401961,410303,296694,1108958,9.6,619,284400,227700,2007-12,9.84
2007-16,401961,410303,296694,1108958,9.6,619,284400,227700,2007-12,9.83
2007-17,401961,410303,296694,1108958,9.6,619,284400,227700,2007-12,9.8
2008-01,414045,397751,294251,1106047,9.3,627,284600,232400,2008-01,9.8
2008-02,414045,397751,294251,1106047,9.3,627,284600,232400,2008-01,9.64
2008-03,414045,397751,294251,1106047,9.3,627,284600,232400,2008-01,9.54
2008-04,414045,397751,294251,1106047,9.3,627,284600,232400,2008-01,9.27
2008-05,414045,397751,294251,1106047,9.3,627,284600,232400,2008-01,9.31
2008-06,414045,397751,294251,1106047,9.3,627,284600,232400,2008-01,9.07
2008-07,414045,397751,294251,1106047,9.3,627,284600,232400,2008-01,9.16
2008-08,414045,397751,294251,1106047,9.3,627,284600,232400,2008-01,9.25
2008-09,414045,397751,294251,1106047,9.3,627,284600,232400,2008-01,9.08
2008-10,414045,397751,294251,1106047,9.3,627,284600,232400,2008-01,9.16
2008-11,414045,397751,294251,1106047,9.3,627,284600,232400,2008-01,8.99
2008-12,414045,397751,294251,1106047,9.3,627,284600,232400,2008-01,9.04
2008-13,414045,397751,294251,1106047,9.3,627,284600,232400,2008-01,8.82
2008-14,414045,397751,294251,1106047,9.3,627,284600,232400,2008-01,8.73
2008-15,414045,397751,294251,1106047,9.3,627,284600,232400,2008-01,8.73
2008-16,414045,397751,294251,1106047,9.3,627,284600,232400,2008-01,8.97
2008-17,414045,397751,294251,1106047,9.3,627,284600,232400,2008-01,8.98
2008-18,414045,397751,294251,1106047,9.3,627,284600,232400,2008-01,8.9
2008-19,414045,397751,294251,1106047,9.3,627,284600,232400,2008-01,9.08
2008-20,414045,397751,294251,1106047,9.3,627,284600,232400,2008-01,9.13
2008-21,414045,397751,294251,1106047,9.3,627,284600,232400,2008-01,9.05
2008-22,414045,397751,294251,1106047,9.3,627,284600,232400,2008-01,9.27
2008-02,410638,382369,299323,1092331,9.7,593,301200,245300,2008-02,9.48
2008-03,410638,382369,299323,1092331,9.7,593,301200,245300,2008-02,9.39
2008-04,410638,382369,299323,1092331,9.7,593,301200,245300,2008-02,9.17
2008-05,410638,382369,299323,1092331,9.7,593,301200,245300,2008-02,9.1
2008-06,410638,382369,299323,1092331,9.7,593,301200,245300,2008-02,9.22
2008-07,410638,382369,299323,1092331,9.7,593,301200,245300,2008-02,9.18
2008-08,410638,382369,299323,1092331,9.7,593,301200,245300,2008-02,9.2
2008-09,410638,382369,299323,1092331,9.7,593,301200,245300,2008-02,9.23
2008-10,410638,382369,299323,1092331,9.7,593,301200,245300,2008-02,9.39
2008-11,410638,382369,299323,1092331,9.7,593,301200,245300,2008-02,9.23
2008-12,410638,382369,299323,1092331,9.7,593,301200,245300,2008-02,9.2
2008-13,410638,382369,299323,1092331,9.7,593,301200,245300,2008-02,9.2
2008-14,410638,382369,299323,1092331,9.7,593,301200,245300,2008-02,9.34
2008-15,410638,382369,299323,1092331,9.7,593,301200,245300,2008-02,9.2
2008-16,410638,382369,299323,1092331,9.7,593,301200,245300,2008-02,9.21
2008-17,410638,382369,299323,1092331,9.7,593,301200,245300,2008-02,9.39
2008-18,410638,382369,299323,1092331,9.7,593,301200,245300,2008-02,9.47
2008-19,410638,382369,299323,1092331,9.7,593,301200,245300,2008-02,9.43
2008-20,410638,382369,299323,1092331,9.7,593,301200,245300,2008-02,9.34
2008-21,410638,382369,299323,1092331,9.7,593,301200,245300,2008-02,9.1
2008-03,405798,382574,306539,1094910,10.5,535,287600,229300,2008-03,9.09
2008-04,405798,382574,306539,1094910,10.5,535,287600,229300,2008-03,9.05
2008-05,405798,382574,306539,1094910,10.5,535,287600,229300,2008-03,9.09
2008-06,405798,382574,306539,1094910,10.5,535,287600,229300,2008-03,8.9
2008-07,405798,382574,306539,1094910,10.5,535,287600,229300,2008-03,8.87
2008-08,405798,382574,306539,1094910,10.5,535,287600,229300,2008-03,8.73
2008-09,405798,382574,306539,1094910,10.5,535,287600,229300,2008-03,9.03
2008-10,405798,382574,306539,1094910,10.5,535,287600,229300,2008-03,8.94
2008-11,405798,382574,306539,1094910,10.5,535,287600,229300,2008-03,9.09
2008-12,405798,382574,306539,1094910,10.5,535,287600,229300,2008-03,8.89
2008-13,405798,382574,306539,1094910,10.5,535,287600,229300,2008-03,8.77
2008-14,405798,382574,306539,1094910,10.5,535,287600,229300,2008-03,9.1
2008-15,405798,382574,306539,1094910,10.5,535,287600,229300,2008-03,8.9
2008-16,405798,382574,306539,1094910,10.5,535,287600,229300,2008-03,9.07
2008-17,405798,382574,306539,1094910,10.5,535,287600,229300,2008-03,9.26
2008-18,405798,382574,306539,1094910,10.5,535,287600,229300,2008-03,9.36
2008-19,405798,382574,306539,1094910,10.5,535,287600,229300,2008-03,9.28
2008-20,405798,382574,306539,1094910,10.5,535,287600,229300,2008-03,9.18
2008-21,405798,382574,306539,1094910,10.5,535,287600,229300,2008-03,9.11
2008-22,405798,382574,306539,1094910,10.5,535,287600,229300,2008-03,9.19
2008-04,409912,376718,304512,1091142,10.3,536,314300,246400,2008-04,9.46
2008-05,409912,376718,304512,1091142,10.3,536,314300,246400,2008-04,9.48
2008-06,409912,376718,304512,1091142,10.3,536,314300,246400,2008-04,9.46
2008-07,409912,376718,304512,1091142,10.3,536,314300,246400,2008-04,9.47
2008-08,409912,376718,304512,1091142,10.3,536,314300,246400,2008-04,9.48
2008-09,409912,376718,304512,1091142,10.3,536,314300,246400,2008-04,9.45
2008-10,409912,376718,304512,1091142,10.3,536,314300,246400,2008-04,9.32
2008-11,409912,376718,304512,1091142,10.3,536,314300,246400,2008-04,9.38
2008-12,409912,376718,304512,1091142,10.3,536,314300,246400,2008-04,9.16
2008-13,409912,376718,304512,1091142,10.3,536,314300,246400,2008-04,9.14
2008-14,409912,376718,304512,1091142,10.3,536,314300,246400,2008-04,9.22
2008-15,409912,376718,304512,1091142,10.3,536,314300,246400,2008-04,9.48
2008-16,409912,376718,304512,1091142,10.3,536,314300,246400,2008-04,9.42
2008-17,409912,376718,304512,1091142,10.3,536,314300,246400,2008-04,9.6
2008-18,409912,376718,304512,1091142,10.3,536,314300,246400,2008-04,9.55
2008-19,409912,376718,304512,1091142,10.3,536,314300,246400,2008-04,9.36
2008-20,409912,376718,304512,1091142,10.3,536,314300,246400,2008-04,9.37
2008-21,409912,376718,304512,1091142,10.3,536,314300,246400,2008-04,9.45
2008-22,409912,376718,304512,1091142,10.3,536,314300,246400,2008-04,9.51
2008-23,409912,376718,304512,1091142,10.3,536,314300,246400,2008-04,9.57
2008-24,409912,376718,304512,1091142,10.3,536,314300,246400,2008-04,9.52
2008-25,409912,376718,304512,1091142,10.3,536,314300,246400,2008-04,9.49
2008-05,413850,371838,305320,1091008,10.7,504,298200,229300,2008-05,9.65
2008-06,413850,371838,305320,1091008,10.7,504,298200,229300,2008-05,9.63
2008-07,413850,371838,305320,1091008,10.7,504,298200,229300,2008-05,9.61
2008-08,413850,371838,305320,1091008,10.7,504,298200,229300,2008-05,9.7
2008-09,413850,371838,305320,1091008,10.7,504,298200,229300,2008-05,9.58
2008-10,413850,371838,305320,1091008,10.7,504,298200,229300,2008-05,9.6
2008-11,413850,371838,305320,1091008,10.7,504,298200,229300,2008-05,9.59
2008-12,413850,371838,305320,1091008,10.7,504,298200,229300,2008-05,9.72
2008-13,413850,371838,305320,1091008,10.7,504,298200,229300,2008-05,9.77
2008-14,413850,371838,305320,1091008,10.7,504,298200,229300,2008-05,9.78
2008-15,413850,371838,305320,1091008,10.7,504,298200,229300,2008-05,9.87
2008-16,413850,371838,305320,1091008,10.7,504,298200,229300,2008-05,9.85
2008-17,413850,371838,305320,1091008,10.7,504,298200,229300,2008-05,9.85
2008-18,413850,371838,305320,1091008,10.7,504,298200,229300,2008-05,9.84
2008-19,413850,371838,305320,1091008,10.7,504,298200,229300,2008-05,9.72
2008-20,413850,371838,305320,1091008,10.7,504,298200,229300,2008-05,9.79
2008-21,413850,371838,305320,1091008,10.7,504,298200,229300,2008-05,9.65
2008-22,413850,371838,305320,1091008,10.7,504,298200,229300,2008-05,9.77
2008-23,413850,371838,305320,1091008,10.7,504,298200,229300,2008-05,9.81
2008-24,413850,371838,305320,1091008,10.7,504,298200,229300,2008-05,9.86
2008-25,413850,371838,305320,1091008,10.7,504,298200,229300,2008-05,9.91
2008-06,407304,359774,307558,1074637,10.7,487,299400,234300,2008-06,9.84
2008-07,407304,359774,307558,1074637,10.7,487,299400,234300,2008-06,9.83
2008-08,407304,359774,307558,1074637,10.7,487,299400,234300,2008-06,9.86
2008-09,407304,359774,307558,1074637,10.7,487,299400,234300,2008-06,10.08
2008-10,407304,359774,307558,1074637,10.7,487,299400,234300,2008-06,9.79
2008-11,407304,359774,307558,1074637,10.7,487,299400,234300,2008-06,9.76
2008-12,407304,359774,307558,1074637,10.7,487,299400,234300,2008-06,9.72
2008-13,407304,359774,307558,1074637,10.7,487,299400,234300,2008-06,9.57
2008-14,407304,359774,307558,1074637,10.7,487,299400,234300,2008-06,9.57
2008-15,407304,359774,307558,1074637,10.7,487,299400,234300,2008-06,9.68
2008-16,407304,359774,307558,1074637,10.7,487,299400,234300,2008-06,9.74
2008-17,407304,359774,307558,1074637,10.7,487,299400,234300,2008-06,9.69
2008-18,407304,359774,307558,1074637,10.7,487,299400,234300,2008-06,9.62
2008-19,407304,359774,307558,1074637,10.7,487,299400,234300,2008-06,9.67
2008-20,407304,359774,307558,1074637,10.7,487,299400,234300,2008-06,9.53
2008-21,407304,359774,307558,1074637,10.7,487,299400,234300,2008-06,9.49
2008-22,407304,359774,307558,1074637,10.7,487,299400,234300,2008-06,9.44
2008-23,407304,359774,307558,1074637,10.7,487,299400,234300,2008-06,9.52
2008-24,407304,359774,307558,1074637,10.7,487,299400,234300,2008-06,9.26
2008-25,407304,359774,307558,1074637,10.7,487,299400,234300,2008-06,9.19
2008-26,407304,359774,307558,1074637,10.7,487,299400,234300,2008-06,9.07
2008-07,411182,345129,310609,1066919,10.5,477,301900,237300,2008-07,9.06
2008-08,411182,345129,310609,1066919,10.5,477,301900,237300,2008-07,8.83
2008-09,411182,345129,310609,1066919,10.5,477,301900,237300,2008-07,8.76
2008-10,411182,345129,310609,1066919,10.5,477,301900,237300,2008-07,8.66
2008-11,411182,345129,310609,1066919,10.5,477,301900,237300,2008-07,8.95
2008-12,411182,345129,310609,1066919,10.5,477,301900,237300,2008-07,8.72
2008-13,411182,345129,310609,1066919,10.5,477,301900,237300,2008-07,8.75
2008-14,411182,345129,310609,1066919,10.5,477,301900,237300,2008-07,8.75
2008-15,411182,345129,310609,1066919,10.5,477,301900,237300,2008-07,8.6
2008-16,411182,345129,310609,1066919,10.5,477,301900,237300,2008-07,8.55
2008-17,411182,345129,310609,1066919,10.5,477,301900,237300,2008-07,8.9
2008-18,411182,345129,310609,1066919,10.5,477,301900,237300,2008-07,9.09
2008-19,411182,345129,310609,1066919,10.5,477,301900,237300,2008-07,9.09
2008-20,411182,345129,310609,1066919,10.5,477,301900,237300,2008-07,9.12
2008-21,411182,345129,310609,1066919,10.5,477,301900,237300,2008-07,9.38
2008-22,411182,345129,310609,1066919,10.5,477,301900,237300,2008-07,9.46
2008-23,411182,345129,310609,1066919,10.5,477,301900,237300,2008-07,9.2
2008-24,411182,345129,310609,1066919,10.5,477,301900,237300,2008-07,9.28
2008-25,411182,345129,310609,1066919,10.5,477,301900,237300,2008-07,9.09
2008-26,411182,345129,310609,1066919,10.5,477,301900,237300,2008-07,9.36
2008-27,411182,345129,310609,1066919,10.5,477,301900,237300,2008-07,9.39
2008-28,411182,345129,310609,1066919,10.5,477,301900,237300,2008-07,9.34
2008-08,402515,341260,313684,1057459,11.3,435,265500,221000,2008-08,9.35
2008-09,402515,341260,313684,1057459,11.3,435,265500,221000,2008-08,9.22
2008-10,402515,341260,313684,1057459,11.3,435,265500,221000,2008-08,9.49
2008-11,402515,341260,313684,1057459,11.3,435,265500,221000,2008-08,9.53
2008-12,402515,341260,313684,1057459,11.3,435,265500,221000,2008-08,9.34
2008-13,402515,341260,313684,1057459,11.3,435,265500,221000,2008-08,9.64
2008-14,402515,341260,313684,1057459,11.3,435,265500,221000,2008-08,9.86
2008-15,402515,341260,313684,1057459,11.3,435,265500,221000,2008-08,9.78
2008-16,402515,341260,313684,1057459,11.3,435,265500,221000,2008-08,9.78
2008-17,402515,341260,313684,1057459,11.3,435,265500,221000,2008-08,9.9
2008-18,402515,341260,313684,1057459,11.3,435,265500,221000,2008-08,9.93
2008-19,402515,341260,313684,1057459,11.3,435,265500,221000,2008-08,9.77
2008-20,402515,341260,313684,1057459,11.3,435,265500,221000,2008-08,9.62
2008-21,402515,341260,313684,1057459,11.3,435,265500,221000,2008-08,9.62
2008-22,402515,341260,313684,1057459,11.3,435,265500,221000,2008-08,9.56
2008-23,402515,341260,313684,1057459,11.3,435,265500,221000,2008-08,9.72
2008-24,402515,341260,313684,1057459,11.3,435,265500,221000,2008-08,9.5
2008-25,402515,341260,313684,1057459,11.3,435,265500,221000,2008-08,9.55
2008-26,402515,341260,313684,1057459,11.3,435,265500,221000,2008-08,9.68
2008-27,402515,341260,313684,1057459,11.3,435,265500,221000,2008-08,9.85
2008-28,402515,341260,313684,1057459,11.3,435,265500,221000,2008-08,9.75
2008-09,410404,337704,308559,1056666,10.9,433,287100,225200,2008-09,9.78
2008-10,410404,337704,308559,1056666,10.9,433,287100,225200,2008-09,9.85
2008-11,410404,337704,308559,1056666,10.9,433,287100,225200,2008-09,9.59
2008-12,410404,337704,308559,1056666,10.9,433,287100,225200,2008-09,9.62
2008-13,410404,337704,308559,1056666,10.9,433,287100,225200,2008-09,9.85
2008-14,410404,337704,308559,1056666,10.9,433,287100,225200,2008-09,9.55
2008-15,410404,337704,308559,1056666,10.9,433,287100,225200,2008-09,9.69
2008-16,410404,337704,308559,1056666,10.9,433,287100,225200,2008-09,9.71
2008-17,410404,337704,308559,1056666,10.9,433,287100,225200,2008-09,9.71
2008-18,410404,337704,308559,1056666,10.9,433,287100,225200,2008-09,9.34
2008-19,410404,337704,308559,1056666,10.9,433,287100,225200,2008-09,9.57
2008-20,410404,337704,308559,1056666,10.9,433,287100,225200,2008-09,9.12
2008-21,410404,337704,308559,1056666,10.9,433,287100,225200,2008-09,9.72
2008-22,410404,337704,308559,1056666,10.9,433,287100,225200,2008-09,10.14
2008-23,410404,337704,308559,1056666,10.9,433,287100,225200,2008-09,9.68
2008-24,410404,337704,308559,1056666,10.9,433,287100,225200,2008-09,9.57
2008-25,410404,337704,308559,1056666,10.9,433,287100,225200,2008-09,9.41
2008-26,410404,337704,308559,1056666,10.9,433,287100,225200,2008-09,9.51
2008-27,410404,337704,308559,1056666,10.9,433,287100,225200,2008-09,9.48
2008-28,410404,337704,308559,1056666,10.9,433,287100,225200,2008-09,8.85
2008-29,410404,337704,308559,1056666,10.9,433,287100,225200,2008-09,9.15
2008-10,412197,324161,314332,1050690,11.6,393,274000,213200,2008-10,9.09
2008-11,412197,324161,314332,1050690,11.6,393,274000,213200,2008-10,8.63
2008-12,412197,324161,314332,1050690,11.6,393,274000,213200,2008-10,8.44
2008-13,412197,324161,314332,1050690,11.6,393,274000,213200,2008-10,8.11
2008-14,412197,324161,314332,1050690,11.6,393,274000,213200,2008-10,7.64
2008-15,412197,324161,314332,1050690,11.6,393,274000,213200,2008-10,7.46
2008-16,412197,324161,314332,1050690,11.6,393,274000,213200,2008-10,6.77
2008-17,412197,324161,314332,1050690,11.6,393,274000,213200,2008-10,6.93
2008-18,412197,324161,314332,1050690,11.6,393,274000,213200,2008-10,7.59
2008-19,412197,324161,314332,1050690,11.6,393,274000,213200,2008-10,7.43
2008-20,412197,324161,314332,1050690,11.6,393,274000,213200,2008-10,6.77
2008-21,412197,324161,314332,1050690,11.6,393,274000,213200,2008-10,7.13
2008-22,412197,324161,314332,1050690,11.6,393,274000,213200,2008-10,7.01
2008-23,412197,324161,314332,1050690,11.6,393,274000,213200,2008-10,7.25
2008-24,412197,324161,314332,1050690,11.6,393,274000,213200,2008-10,7.05
2008-25,412197,324161,314332,1050690,11.6,393,274000,213200,2008-10,6.67
2008-26,412197,324161,314332,1050690,11.6,393,274000,213200,2008-10,6.53
2008-27,412197,324161,314332,1050690,11.6,393,274000,213200,2008-10,6.31
2008-28,412197,324161,314332,1050690,11.6,393,274000,213200,2008-10,6.06
2008-29,412197,324161,314332,1050690,11.6,393,274000,213200,2008-10,6.47
2008-30,412197,324161,314332,1050690,11.6,393,274000,213200,2008-10,6.56
2008-31,412197,324161,314332,1050690,11.6,393,274000,213200,2008-10,6.86
2008-32,412197,324161,314332,1050690,11.6,393,274000,213200,2008-10,7.15
2008-11,403443,308871,316897,1029211,11.4,389,290100,221600,2008-11,7.15
2008-12,403443,308871,316897,1029211,11.4,389,290100,221600,2008-11,7.25
2008-13,403443,308871,316897,1029211,11.4,389,290100,221600,2008-11,6.88
2008-14,403443,308871,316897,1029211,11.4,389,290100,221600,2008-11,6.63
2008-15,403443,308871,316897,1029211,11.4,389,290100,221600,2008-11,6.74
2008-16,403443,308871,316897,1029211,11.4,389,290100,221600,2008-11,6.57
2008-17,403443,308871,316897,1029211,11.4,389,290100,221600,2008-11,6.43
2008-18,403443,308871,316897,1029211,11.4,389,290100,221600,2008-11,6.05
2008-19,403443,308871,316897,1029211,11.4,389,290100,221600,2008-11,6.54
2008-20,403443,308871,316897,1029211,11.4,389,290100,221600,2008-11,6.13
2008-21,403443,308871,316897,1029211,11.4,389,290100,221600,2008-11,6.02
2008-22,403443,308871,316897,1029211,11.4,389,290100,221600,2008-11,5.99
2008-23,403443,308871,316897,1029211,11.4,389,290100,221600,2008-11,5.53
2008-24,403443,308871,316897,1029211,11.4,389,290100,221600,2008-11,5.13
2008-25,403443,308871,316897,1029211,11.4,389,290100,221600,2008-11,5.37
2008-26,403443,308871,316897,1029211,11.4,389,290100,221600,2008-11,5.76
2008-27,403443,308871,316897,1029211,11.4,389,290100,221600,2008-11,5.87
2008-28,403443,308871,316897,1029211,11.4,389,290100,221600,2008-11,6.22
2008-29,403443,308871,316897,1029211,11.4,389,290100,221600,2008-11,6.3
2008-12,392797,288761,311957,993515,11.2,377,263100,229600,2008-12,5.58
2008-12,392797,288761,311957,993515,11.2,377,263100,229600,2008-12,5.9
2008-12,392797,288761,311957,993515,11.2,377,263100,229600,2008-12,6.09
2008-12,392797,288761,311957,993515,11.2,377,263100,229600,2008-12,5.93
2008-12,392797,288761,311957,993515,11.2,377,263100,229600,2008-12,6.19
2008-12,392797,288761,311957,993515,11.2,377,263100,229600,2008-12,6.42
2008-12,392797,288761,311957,993515,11.2,377,263100,229600,2008-12,6.22
2008-12,392797,288761,311957,993515,11.2,377,263100,229600,2008-12,6.36
2008-12,392797,288761,311957,993515,11.2,377,263100,229600,2008-12,6.05
2008-12,392797,288761,311957,993515,11.2,377,263100,229600,2008-12,6.25
2008-12,392797,288761,311957,993515,11.2,377,263100,229600,2008-12,6.05
2008-12,392797,288761,311957,993515,11.2,377,263100,229600,2008-12,6.45
2008-12,392797,288761,311957,993515,11.2,377,263100,229600,2008-12,6.48
2008-12,392797,288761,311957,993515,11.2,377,263100,229600,2008-12,6.4
2008-12,392797,288761,311957,993515,11.2,377,263100,229600,2008-12,6.35
2008-12,392797,288761,311957,993515,11.2,377,263100,229600,2008-12,6.19
2008-12,392797,288761,311957,993515,11.2,377,263100,229600,2008-12,6.12
2008-12,392797,288761,311957,993515,11.2,377,263100,229600,2008-12,6.16
2008-12,392797,288761,311957,993515,11.2,377,263100,229600,2008-12,6.24
2008-12,392797,288761,311957,993515,11.2,377,263100,229600,2008-12,6.13
2008-12,392797,288761,311957,993515,11.2,377,263100,229600,2008-12,6.37
2008-12,392797,288761,311957,993515,11.2,377,263100,229600,2008-12,6.58
2009-01,378587,274565,309552,962704,12.2,336,245200,208600,2009-01,6.69
2009-01,378587,274565,309552,962704,12.2,336,245200,208600,2009-01,6.67
2009-01,378587,274565,309552,962704,12.2,336,245200,208600,2009-01,6.81
2009-01,378587,274565,309552,962704,12.2,336,245200,208600,2009-01,6.57
2009-01,378587,274565,309552,962704,12.2,336,245200,208600,2009-01,6.65
2009-01,378587,274565,309552,962704,12.2,336,245200,208600,2009-01,6.37
2009-01,378587,274565,309552,962704,12.2,336,245200,208600,2009-01,6.19
2009-01,378587,274565,309552,962704,12.2,336,245200,208600,2009-01,6.26
2009-01,378587,274565,309552,962704,12.2,336,245200,208600,2009-01,5.98
2009-01,378587,274565,309552,962704,12.2,336,245200,208600,2009-01,6.06
2009-01,378587,274565,309552,962704,12.2,336,245200,208600,2009-01,6.09
2009-01,378587,274565,309552,962704,12.2,336,245200,208600,2009-01,5.62
2009-01,378587,274565,309552,962704,12.2,336,245200,208600,2009-01,5.92
2009-01,378587,274565,309552,962704,12.2,336,245200,208600,2009-01,5.72
2009-01,378587,274565,309552,962704,12.2,336,245200,208600,2009-01,5.75
2009-01,378587,274565,309552,962704,12.2,336,245200,208600,2009-01,5.8
2009-01,378587,274565,309552,962704,12.2,336,245200,208600,2009-01,5.88
2009-01,378587,274565,309552,962704,12.2,336,245200,208600,2009-01,6.13
2009-01,378587,274565,309552,962704,12.2,336,245200,208600,2009-01,5.83
2009-01,378587,274565,309552,962704,12.2,336,245200,208600,2009-01,5.66
2009-02,379778,258762,321367,959907,10.5,372,258600,209700,2009-02,5.7
2009-02,379778,258762,321367,959907,10.5,372,258600,209700,2009-02,5.73
2009-02,379778,258762,321367,959907,10.5,372,258600,209700,2009-02,5.68
2009-02,379778,258762,321367,959907,10.5,372,258600,209700,2009-02,5.77
2009-02,379778,258762,321367,959907,10.5,372,258600,209700,2009-02,6.02
2009-02,379778,258762,321367,959907,10.5,372,258600,209700,2009-02,5.99
2009-02,379778,258762,321367,959907,10.5,372,258600,209700,2009-02,5.67
2009-02,379778,258762,321367,959907,10.5,372,258600,209700,2009-02,5.71
2009-02,379778,258762,321367,959907,10.5,372,258600,209700,2009-02,5.73
2009-02,379778,258762,321367,959907,10.5,372,258600,209700,2009-02,5.67
2009-02,379778,258762,321367,959907,10.5,372,258600,209700,2009-02,5.39
2009-02,379778,258762,321367,959907,10.5,372,258600,209700,2009-02,5.32
2009-02,379778,258762,321367,959907,10.5,372,258600,209700,2009-02,5.21
2009-02,379778,258762,321367,959907,10.5,372,258600,209700,2009-02,5.12
2009-02,379778,258762,321367,959907,10.5,372,258600,209700,2009-02,4.9
2009-02,379778,258762,321367,959907,10.5,372,258600,209700,2009-02,5.15
2009-02,379778,258762,321367,959907,10.5,372,258600,209700,2009-02,5.02
2009-02,379778,258762,321367,959907,10.5,372,258600,209700,2009-02,4.95
2009-02,379778,258762,321367,959907,10.5,372,258600,209700,2009-02,4.89
2009-03,382678,246825,325481,954984,11,339,259800,205100,2009-03,4.61
2009-03,382678,246825,325481,954984,11,339,259800,205100,2009-03,4.49
2009-03,382678,246825,325481,954984,11,339,259800,205100,2009-03,4.62
2009-03,382678,246825,325481,954984,11,339,259800,205100,2009-03,4.32
2009-03,382678,246825,325481,954984,11,339,259800,205100,2009-03,4.32
2009-03,382678,246825,325481,954984,11,339,259800,205100,2009-03,4.24
2009-03,382678,246825,325481,954984,11,339,259800,205100,2009-03,4.59
2009-03,382678,246825,325481,954984,11,339,259800,205100,2009-03,4.59
2009-03,382678,246825,325481,954984,11,339,259800,205100,2009-03,4.89
2009-03,382678,246825,325481,954984,11,339,259800,205100,2009-03,4.94
2009-03,382678,246825,325481,954984,11,339,259800,205100,2009-03,4.9
2009-03,382678,246825,325481,954984,11,339,259800,205100,2009-03,5.12
2009-03,382678,246825,325481,954984,11,339,259800,205100,2009-03,5.34
2009-03,382678,246825,325481,954984,11,339,259800,205100,2009-03,5.29
2009-03,382678,246825,325481,954984,11,339,259800,205100,2009-03,5.13
2009-03,382678,246825,325481,954984,11,339,259800,205100,2009-03,5.58
2009-03,382678,246825,325481,954984,11,339,259800,205100,2009-03,5.36
2009-03,382678,246825,325481,954984,11,339,259800,205100,2009-03,5.5
2009-03,382678,246825,325481,954984,11,339,259800,205100,2009-03,5.74
2009-03,382678,246825,325481,954984,11,339,259800,205100,2009-03,5.55
2009-03,382678,246825,325481,954984,11,339,259800,205100,2009-03,5.31
2009-03,382678,246825,325481,954984,11,339,259800,205100,2009-03,5.41
2009-04,367807,242889,318896,929593,10.7,337,269800,219200,2009-04,5.54
2009-04,367807,242889,318896,929593,10.7,337,269800,219200,2009-04,5.85
2009-04,367807,242889,318896,929593,10.7,337,269800,219200,2009-04,5.94
2009-04,367807,242889,318896,929593,10.7,337,269800,219200,2009-04,5.83
2009-04,367807,242889,318896,929593,10.7,337,269800,219200,2009-04,5.62
2009-04,367807,242889,318896,929593,10.7,337,269800,219200,2009-04,5.74
2009-04,367807,242889,318896,929593,10.7,337,269800,219200,2009-04,5.96
2009-04,367807,242889,318896,929593,10.7,337,269800,219200,2009-04,5.99
2009-04,367807,242889,318896,929593,10.7,337,269800,219200,2009-04,5.78
2009-04,367807,242889,318896,929593,10.7,337,269800,219200,2009-04,5.91
2009-04,367807,242889,318896,929593,10.7,337,269800,219200,2009-04,6.09
2009-04,367807,242889,318896,929593,10.7,337,269800,219200,2009-04,6.19
2009-04,367807,242889,318896,929593,10.7,337,269800,219200,2009-04,5.76
2009-04,367807,242889,318896,929593,10.7,337,269800,219200,2009-04,6.03
2009-04,367807,242889,318896,929593,10.7,337,269800,219200,2009-04,6.04
2009-04,367807,242889,318896,929593,10.7,337,269800,219200,2009-04,5.98
2009-04,367807,242889,318896,929593,10.7,337,269800,219200,2009-04,6.15
2009-04,367807,242889,318896,929593,10.7,337,269800,219200,2009-04,6
2009-04,367807,242889,318896,929593,10.7,337,269800,219200,2009-04,6.07
2009-04,367807,242889,318896,929593,10.7,337,269800,219200,2009-04,6.31
2009-04,367807,242889,318896,929593,10.7,337,269800,219200,2009-04,6.27
2009-05,363286,230880,317075,911241,9.3,376,274600,222300,2009-05,6.28
2009-05,363286,230880,317075,911241,9.3,376,274600,222300,2009-05,6.57
2009-05,363286,230880,317075,911241,9.3,376,274600,222300,2009-05,6.54
2009-05,363286,230880,317075,911241,9.3,376,274600,222300,2009-05,6.63
2009-05,363286,230880,317075,911241,9.3,376,274600,222300,2009-05,6.44
2009-05,363286,230880,317075,911241,9.3,376,274600,222300,2009-05,6.74
2009-05,363286,230880,317075,911241,9.3,376,274600,222300,2009-05,6.56
2009-05,363286,230880,317075,911241,9.3,376,274600,222300,2009-05,6.59
2009-05,363286,230880,317075,911241,9.3,376,274600,222300,2009-05,6.26
2009-05,363286,230880,317075,911241,9.3,376,274600,222300,2009-05,6.39
2009-05,363286,230880,317075,911241,9.3,376,274600,222300,2009-05,6.32
2009-05,363286,230880,317075,911241,9.3,376,274600,222300,2009-05,6.61
2009-05,363286,230880,317075,911241,9.3,376,274600,222300,2009-05,6.58
2009-05,363286,230880,317075,911241,9.3,376,274600,222300,2009-05,6.51
2009-05,363286,230880,317075,911241,9.3,376,274600,222300,2009-05,6.39
2009-05,363286,230880,317075,911241,9.3,376,274600,222300,2009-05,6.35
2009-05,363286,230880,317075,911241,9.3,376,274600,222300,2009-05,6.65
2009-05,363286,230880,317075,911241,9.3,376,274600,222300,2009-05,6.49
2009-05,363286,230880,317075,911241,9.3,376,274600,222300,2009-05,6.52
2009-05,363286,230880,317075,911241,9.3,376,274600,222300,2009-05,6.64
2009-06,352549,228477,320961,901987,8.5,393,274800,214700,2009-06,6.9
2009-07,352549,228477,320961,901987,8.5,393,274800,214700,2009-06,6.95
2009-08,352549,228477,320961,901987,8.5,393,274800,214700,2009-06,6.86
2009-09,352549,228477,320961,901987,8.5,393,274800,214700,2009-06,7
2009-10,352549,228477,320961,901987,8.5,393,274800,214700,2009-06,6.99
2009-11,352549,228477,320961,901987,8.5,393,274800,214700,2009-06,6.93
2009-12,352549,228477,320961,901987,8.5,393,274800,214700,2009-06,6.97
2009-13,352549,228477,320961,901987,8.5,393,274800,214700,2009-06,6.94
2009-14,352549,228477,320961,901987,8.5,393,274800,214700,2009-06,6.97
2009-15,352549,228477,320961,901987,8.5,393,274800,214700,2009-06,6.94
2009-16,352549,228477,320961,901987,8.5,393,274800,214700,2009-06,6.73
2009-17,352549,228477,320961,901987,8.5,393,274800,214700,2009-06,6.62
2009-18,352549,228477,320961,901987,8.5,393,274800,214700,2009-06,6.62
2009-19,352549,228477,320961,901987,8.5,393,274800,214700,2009-06,6.66
2009-20,352549,228477,320961,901987,8.5,393,274800,214700,2009-06,6.7
2009-21,352549,228477,320961,901987,8.5,393,274800,214700,2009-06,6.42
2009-22,352549,228477,320961,901987,8.5,393,274800,214700,2009-06,6.38
2009-23,352549,228477,320961,901987,8.5,393,274800,214700,2009-06,6.44
2009-24,352549,228477,320961,901987,8.5,393,274800,214700,2009-06,6.62
2009-25,352549,228477,320961,901987,8.5,393,274800,214700,2009-06,6.7
2009-26,352549,228477,320961,901987,8.5,393,274800,214700,2009-06,6.71
2009-06,352549,228477,320961,901987,8.5,393,274800,214700,2009-06,6.66
2009-07,342729,234280,322593,899601,7.9,411,271100,214200,2009-07,6.79
2009-07,342729,234280,322593,899601,7.9,411,271100,214200,2009-07,6.52
2009-07,342729,234280,322593,899601,7.9,411,271100,214200,2009-07,6.49
2009-07,342729,234280,322593,899601,7.9,411,271100,214200,2009-07,6.37
2009-07,342729,234280,322593,899601,7.9,411,271100,214200,2009-07,6.32
2009-07,342729,234280,322593,899601,7.9,411,271100,214200,2009-07,6.34
2009-07,342729,234280,322593,899601,7.9,411,271100,214200,2009-07,6.35
2009-07,342729,234280,322593,899601,7.9,411,271100,214200,2009-07,6.53
2009-07,342729,234280,322593,899601,7.9,411,271100,214200,2009-07,6.58
2009-07,342729,234280,322593,899601,7.9,411,271100,214200,2009-07,6.84
2009-07,342729,234280,322593,899601,7.9,411,271100,214200,2009-07,6.94
2009-07,342729,234280,322593,899601,7.9,411,271100,214200,2009-07,6.9
2009-07,342729,234280,322593,899601,7.9,411,271100,214200,2009-07,7
2009-07,342729,234280,322593,899601,7.9,411,271100,214200,2009-07,6.96
2009-07,342729,234280,322593,899601,7.9,411,271100,214200,2009-07,7.01
2009-07,342729,234280,322593,899601,7.9,411,271100,214200,2009-07,7.23
2009-07,342729,234280,322593,899601,7.9,411,271100,214200,2009-07,7.26
2009-07,342729,234280,322593,899601,7.9,411,271100,214200,2009-07,7.32
2009-07,342729,234280,322593,899601,7.9,411,271100,214200,2009-07,7.33
2009-07,342729,234280,322593,899601,7.9,411,271100,214200,2009-07,7.29
2009-07,342729,234280,322593,899601,7.9,411,271100,214200,2009-07,7.42
2009-07,342729,234280,322593,899601,7.9,411,271100,214200,2009-07,7.43
2009-08,332589,242600,314453,889643,7.5,418,257800,207100,2009-08,7.58
2009-08,332589,242600,314453,889643,7.5,418,257800,207100,2009-08,7.65
2009-08,332589,242600,314453,889643,7.5,418,257800,207100,2009-08,7.59
2009-08,332589,242600,314453,889643,7.5,418,257800,207100,2009-08,7.52
2009-08,332589,242600,314453,889643,7.5,418,257800,207100,2009-08,7.74
2009-08,332589,242600,314453,889643,7.5,418,257800,207100,2009-08,7.74
2009-08,332589,242600,314453,889643,7.5,418,257800,207100,2009-08,7.6
2009-08,332589,242600,314453,889643,7.5,418,257800,207100,2009-08,7.74
2009-08,332589,242600,314453,889643,7.5,418,257800,207100,2009-08,7.79
2009-08,332589,242600,314453,889643,7.5,418,257800,207100,2009-08,7.63
2009-08,332589,242600,314453,889643,7.5,418,257800,207100,2009-08,7.41
2009-08,332589,242600,314453,889643,7.5,418,257800,207100,2009-08,7.54
2009-08,332589,242600,314453,889643,7.5,418,257800,207100,2009-08,7.61
2009-08,332589,242600,314453,889643,7.5,418,257800,207100,2009-08,7.69
2009-08,332589,242600,314453,889643,7.5,418,257800,207100,2009-08,7.88
2009-08,332589,242600,314453,889643,7.5,418,257800,207100,2009-08,7.86
2009-08,332589,242600,314453,889643,7.5,418,257800,207100,2009-08,7.93
2009-08,332589,242600,314453,889643,7.5,418,257800,207100,2009-08,7.93
2009-08,332589,242600,314453,889643,7.5,418,257800,207100,2009-08,7.95
2009-08,332589,242600,314453,889643,7.5,418,257800,207100,2009-08,7.92
2009-08,332589,242600,314453,889643,7.5,418,257800,207100,2009-08,7.8
2009-09,321297,248091,310870,880259,7.8,386,290300,216600,2009-09,7.6
2009-09,321297,248091,310870,880259,7.8,386,290300,216600,2009-09,7.55
2009-09,321297,248091,310870,880259,7.8,386,290300,216600,2009-09,7.65
2009-09,321297,248091,310870,880259,7.8,386,290300,216600,2009-09,7.76
2009-09,321297,248091,310870,880259,7.8,386,290300,216600,2009-09,7.85
2009-09,321297,248091,310870,880259,7.8,386,290300,216600,2009-09,7.99
2009-09,321297,248091,310870,880259,7.8,386,290300,216600,2009-09,8.11
2009-09,321297,248091,310870,880259,7.8,386,290300,216600,2009-09,8.09
2009-09,321297,248091,310870,880259,7.8,386,290300,216600,2009-09,8.16
2009-09,321297,248091,310870,880259,7.8,386,290300,216600,2009-09,8.25
2009-09,321297,248091,310870,880259,7.8,386,290300,216600,2009-09,8.43
2009-09,321297,248091,310870,880259,7.8,386,290300,216600,2009-09,8.37
2009-09,321297,248091,310870,880259,7.8,386,290300,216600,2009-09,8.4
2009-09,321297,248091,310870,880259,7.8,386,290300,216600,2009-09,8.38
2009-09,321297,248091,310870,880259,7.8,386,290300,216600,2009-09,8.44
2009-09,321297,248091,310870,880259,7.8,386,290300,216600,2009-09,8.35
2009-09,321297,248091,310870,880259,7.8,386,290300,216600,2009-09,8.18
2009-09,321297,248091,310870,880259,7.8,386,290300,216600,2009-09,8.13
2009-09,321297,248091,310870,880259,7.8,386,290300,216600,2009-09,8.34
2009-09,321297,248091,310870,880259,7.8,386,290300,216600,2009-09,8.32
2009-09,321297,248091,310870,880259,7.8,386,290300,216600,2009-09,8.21
2009-10,307252,254256,307866,869374,7.4,396,263800,215100,2009-10,7.92
2009-10,307252,254256,307866,869374,7.4,396,263800,215100,2009-10,7.85
2009-10,307252,254256,307866,869374,7.4,396,263800,215100,2009-10,8.02
2009-10,307252,254256,307866,869374,7.4,396,263800,215100,2009-10,8.17
2009-10,307252,254256,307866,869374,7.4,396,263800,215100,2009-10,8.18
2009-10,307252,254256,307866,869374,7.4,396,263800,215100,2009-10,8.26
2009-10,307252,254256,307866,869374,7.4,396,263800,215100,2009-10,8.35
2009-10,307252,254256,307866,869374,7.4,396,263800,215100,2009-10,8.36
2009-10,307252,254256,307866,869374,7.4,396,263800,215100,2009-10,8.33
2009-10,307252,254256,307866,869374,7.4,396,263800,215100,2009-10,8.51
2009-10,307252,254256,307866,869374,7.4,396,263800,215100,2009-10,8.51
2009-10,307252,254256,307866,869374,7.4,396,263800,215100,2009-10,8.39
2009-10,307252,254256,307866,869374,7.4,396,263800,215100,2009-10,8.47
2009-10,307252,254256,307866,869374,7.4,396,263800,215100,2009-10,8.36
2009-10,307252,254256,307866,869374,7.4,396,263800,215100,2009-10,8.23
2009-10,307252,254256,307866,869374,7.4,396,263800,215100,2009-10,8.37
2009-10,307252,254256,307866,869374,7.4,396,263800,215100,2009-10,8.17
2009-10,307252,254256,307866,869374,7.4,396,263800,215100,2009-10,8.04
2009-10,307252,254256,307866,869374,7.4,396,263800,215100,2009-10,7.96
2009-10,307252,254256,307866,869374,7.4,396,263800,215100,2009-10,7.69
2009-10,307252,254256,307866,869374,7.4,396,263800,215100,2009-10,7.9
2009-10,307252,254256,307866,869374,7.4,396,263800,215100,2009-10,7.64
2009-11,297049,251048,302635,850732,7.6,375,274700,218800,2009-11,7.62
2009-11,297049,251048,302635,850732,7.6,375,274700,218800,2009-11,7.73
2009-11,297049,251048,302635,850732,7.6,375,274700,218800,2009-11,7.65
2009-11,297049,251048,302635,850732,7.6,375,274700,218800,2009-11,7.88
2009-11,297049,251048,302635,850732,7.6,375,274700,218800,2009-11,7.87
2009-11,297049,251048,302635,850732,7.6,375,274700,218800,2009-11,8.06
2009-11,297049,251048,302635,850732,7.6,375,274700,218800,2009-11,8
2009-11,297049,251048,302635,850732,7.6,375,274700,218800,2009-11,8.07
2009-11,297049,251048,302635,850732,7.6,375,274700,218800,2009-11,7.9
2009-11,297049,251048,302635,850732,7.6,375,274700,218800,2009-11,7.97
2009-11,297049,251048,302635,850732,7.6,375,274700,218800,2009-11,8.17
2009-11,297049,251048,302635,850732,7.6,375,274700,218800,2009-11,8.17
2009-11,297049,251048,302635,850732,7.6,375,274700,218800,2009-11,8.14
2009-11,297049,251048,302635,850732,7.6,375,274700,218800,2009-11,7.95
2009-11,297049,251048,302635,850732,7.6,375,274700,218800,2009-11,7.92
2009-11,297049,251048,302635,850732,7.6,375,274700,218800,2009-11,8.05
2009-11,297049,251048,302635,850732,7.6,375,274700,218800,2009-11,8.01
2009-11,297049,251048,302635,850732,7.6,375,274700,218800,2009-11,8.02
2009-11,297049,251048,302635,850732,7.6,375,274700,218800,2009-11,7.82
2009-11,297049,251048,302635,850732,7.6,375,274700,218800,2009-11,7.85
2009-12,286770,245465,300330,832565,8,352,278300,222600,2009-12,7.96
2009-12,286770,245465,300330,832565,8,352,278300,222600,2009-12,8.04
2009-12,286770,245465,300330,832565,8,352,278300,222600,2009-12,7.93
2009-12,286770,245465,300330,832565,8,352,278300,222600,2009-12,8.11
2009-12,286770,245465,300330,832565,8,352,278300,222600,2009-12,8.12
2009-12,286770,245465,300330,832565,8,352,278300,222600,2009-12,8.05
2009-12,286770,245465,300330,832565,8,352,278300,222600,2009-12,8.05
2009-12,286770,245465,300330,832565,8,352,278300,222600,2009-12,8.03
2009-12,286770,245465,300330,832565,8,352,278300,222600,2009-12,8.1
2009-12,286770,245465,300330,832565,8,352,278300,222600,2009-12,8.22
2009-12,286770,245465,300330,832565,8,352,278300,222600,2009-12,8.17
2009-12,286770,245465,300330,832565,8,352,278300,222600,2009-12,8.23
2009-12,286770,245465,300330,832565,8,352,278300,222600,2009-12,8.14
2009-12,286770,245465,300330,832565,8,352,278300,222600,2009-12,8.2
2009-12,286770,245465,300330,832565,8,352,278300,222600,2009-12,8.31
2009-12,286770,245465,300330,832565,8,352,278300,222600,2009-12,8.39
2009-12,286770,245465,300330,832565,8,352,278300,222600,2009-12,8.46
2009-12,286770,245465,300330,832565,8,352,278300,222600,2009-12,8.49
2009-12,286770,245465,300330,832565,8,352,278300,222600,2009-12,8.48
2009-12,286770,245465,300330,832565,8,352,278300,222600,2009-12,8.49
2009-12,286770,245465,300330,832565,8,352,278300,222600,2009-12,8.49
2009-12,286770,245465,300330,832565,8,352,278300,222600,2009-12,8.39
2010-01,265226,255049,295857,816132,8.1,346,283400,218200,2010-01,8.59
2010-01,265226,255049,295857,816132,8.1,346,283400,218200,2010-01,8.57
2010-01,265226,255049,295857,816132,8.1,346,283400,218200,2010-01,8.58
2010-01,265226,255049,295857,816132,8.1,346,283400,218200,2010-01,8.67
2010-01,265226,255049,295857,816132,8.1,346,283400,218200,2010-01,8.72
2010-01,265226,255049,295857,816132,8.1,346,283400,218200,2010-01,8.7
2010-01,265226,255049,295857,816132,8.1,346,283400,218200,2010-01,8.58
2010-01,265226,255049,295857,816132,8.1,346,283400,218200,2010-01,8.69
2010-01,265226,255049,295857,816132,8.1,346,283400,218200,2010-01,8.74
2010-01,265226,255049,295857,816132,8.1,346,283400,218200,2010-01,8.63
2010-01,265226,255049,295857,816132,8.1,346,283400,218200,2010-01,8.76
2010-01,265226,255049,295857,816132,8.1,346,283400,218200,2010-01,8.66
2010-01,265226,255049,295857,816132,8.1,346,283400,218200,2010-01,8.52
2010-01,265226,255049,295857,816132,8.1,346,283400,218200,2010-01,8.36
2010-01,265226,255049,295857,816132,8.1,346,283400,218200,2010-01,8.38
2010-01,265226,255049,295857,816132,8.1,346,283400,218200,2010-01,8.34
2010-01,265226,255049,295857,816132,8.1,346,283400,218200,2010-01,8.41
2010-01,265226,255049,295857,816132,8.1,346,283400,218200,2010-01,8.27
2010-01,265226,255049,295857,816132,8.1,346,283400,218200,2010-01,8.18
2010-02,264648,240894,290265,795808,8,344,284100,221900,2010-02,8.32
2010-02,264648,240894,290265,795808,8,344,284100,221900,2010-02,8.4
2010-02,264648,240894,290265,795808,8,344,284100,221900,2010-02,8.34
2010-02,264648,240894,290265,795808,8,344,284100,221900,2010-02,8.05
2010-02,264648,240894,290265,795808,8,344,284100,221900,2010-02,8.09
2010-02,264648,240894,290265,795808,8,344,284100,221900,2010-02,8.02
2010-02,264648,240894,290265,795808,8,344,284100,221900,2010-02,8.16
2010-02,264648,240894,290265,795808,8,344,284100,221900,2010-02,8.17
2010-02,264648,240894,290265,795808,8,344,284100,221900,2010-02,8.29
2010-02,264648,240894,290265,795808,8,344,284100,221900,2010-02,8.36
2010-02,264648,240894,290265,795808,8,344,284100,221900,2010-02,8.51
2010-02,264648,240894,290265,795808,8,344,284100,221900,2010-02,8.56
2010-02,264648,240894,290265,795808,8,344,284100,221900,2010-02,8.64
2010-02,264648,240894,290265,795808,8,344,284100,221900,2010-02,8.69
2010-02,264648,240894,290265,795808,8,344,284100,221900,2010-02,8.71
2010-02,264648,240894,290265,795808,8,344,284100,221900,2010-02,8.59
2010-02,264648,240894,290265,795808,8,344,284100,221900,2010-02,8.67
2010-02,264648,240894,290265,795808,8,344,284100,221900,2010-02,8.68
2010-02,264648,240894,290265,795808,8,344,284100,221900,2010-02,8.65
2010-03,265447,242785,297753,805985,7,385,262900,224800,2010-03,8.83
2010-03,265447,242785,297753,805985,7,385,262900,224800,2010-03,8.9
2010-03,265447,242785,297753,805985,7,385,262900,224800,2010-03,8.91
2010-03,265447,242785,297753,805985,7,385,262900,224800,2010-03,8.97
2010-03,265447,242785,297753,805985,7,385,262900,224800,2010-03,9.12
2010-03,265447,242785,297753,805985,7,385,262900,224800,2010-03,9.14
2010-03,265447,242785,297753,805985,7,385,262900,224800,2010-03,9.18
2010-03,265447,242785,297753,805985,7,385,262900,224800,2010-03,9.25
2010-03,265447,242785,297753,805985,7,385,262900,224800,2010-03,9.28
2010-03,265447,242785,297753,805985,7,385,262900,224800,2010-03,9.26
2010-03,265447,242785,297753,805985,7,385,262900,224800,2010-03,9.23
2010-03,265447,242785,297753,805985,7,385,262900,224800,2010-03,9.32
2010-03,265447,242785,297753,805985,7,385,262900,224800,2010-03,9.4
2010-03,265447,242785,297753,805985,7,385,262900,224800,2010-03,9.37
2010-03,265447,242785,297753,805985,7,385,262900,224800,2010-03,9.25
2010-03,265447,242785,297753,805985,7,385,262900,224800,2010-03,9.36
2010-03,265447,242785,297753,805985,7,385,262900,224800,2010-03,9.46
2010-03,265447,242785,297753,805985,7,385,262900,224800,2010-03,9.38
2010-03,265447,242785,297753,805985,7,385,262900,224800,2010-03,9.31
2010-03,265447,242785,297753,805985,7,385,262900,224800,2010-03,9.32
2010-03,265447,242785,297753,805985,7,385,262900,224800,2010-03,9.38
2010-03,265447,242785,297753,805985,7,385,262900,224800,2010-03,9.39
2010-03,265447,242785,297753,805985,7,385,262900,224800,2010-03,9.33
2010-04,265825,251782,306401,824008,6.2,420,270500,208300,2010-04,9.43
2010-04,265825,251782,306401,824008,6.2,420,270500,208300,2010-04,9.62
2010-04,265825,251782,306401,824008,6.2,420,270500,208300,2010-04,9.68
2010-04,265825,251782,306401,824008,6.2,420,270500,208300,2010-04,9.67
2010-04,265825,251782,306401,824008,6.2,420,270500,208300,2010-04,9.68
2010-04,265825,251782,306401,824008,6.2,420,270500,208300,2010-04,9.72
2010-04,265825,251782,306401,824008,6.2,420,270500,208300,2010-04,9.75
2010-04,265825,251782,306401,824008,6.2,420,270500,208300,2010-04,9.76
2010-04,265825,251782,306401,824008,6.2,420,270500,208300,2010-04,9.98
2010-04,265825,251782,306401,824008,6.2,420,270500,208300,2010-04,10.03
2010-04,265825,251782,306401,824008,6.2,420,270500,208300,2010-04,9.89
2010-04,265825,251782,306401,824008,6.2,420,270500,208300,2010-04,9.87
2010-04,265825,251782,306401,824008,6.2,420,270500,208300,2010-04,10.02
2010-04,265825,251782,306401,824008,6.2,420,270500,208300,2010-04,10.09
2010-04,265825,251782,306401,824008,6.2,420,270500,208300,2010-04,10.23
2010-04,265825,251782,306401,824008,6.2,420,270500,208300,2010-04,10.35
2010-04,265825,251782,306401,824008,6.2,420,270500,208300,2010-04,10.3
2010-04,265825,251782,306401,824008,6.2,420,270500,208300,2010-04,10.02
2010-04,265825,251782,306401,824008,6.2,420,270500,208300,2010-04,10.05
2010-04,265825,251782,306401,824008,6.2,420,270500,208300,2010-04,10.25
2010-04,265825,251782,306401,824008,6.2,420,270500,208300,2010-04,9.96
2010-05,262759,244245,309314,816318,9.2,281,281100,230500,2010-05,10.13
2010-05,262759,244245,309314,816318,9.2,281,281100,230500,2010-05,9.79
2010-05,262759,244245,309314,816318,9.2,281,281100,230500,2010-05,9.64
2010-05,262759,244245,309314,816318,9.2,281,281100,230500,2010-05,9.29
2010-05,262759,244245,309314,816318,9.2,281,281100,230500,2010-05,9.01
2010-05,262759,244245,309314,816318,9.2,281,281100,230500,2010-05,9.53
2010-05,262759,244245,309314,816318,9.2,281,281100,230500,2010-05,9.59
2010-05,262759,244245,309314,816318,9.2,281,281100,230500,2010-05,9.86
2010-05,262759,244245,309314,816318,9.2,281,281100,230500,2010-05,9.75
2010-05,262759,244245,309314,816318,9.2,281,281100,230500,2010-05,9.53
2010-05,262759,244245,309314,816318,9.2,281,281100,230500,2010-05,9.55
2010-05,262759,244245,309314,816318,9.2,281,281100,230500,2010-05,9.37
2010-05,262759,244245,309314,816318,9.2,281,281100,230500,2010-05,9.26
2010-05,262759,244245,309314,816318,9.2,281,281100,230500,2010-05,8.76
2010-05,262759,244245,309314,816318,9.2,281,281100,230500,2010-05,8.9
2010-05,262759,244245,309314,816318,9.2,281,281100,230500,2010-05,8.77
2010-05,262759,244245,309314,816318,9.2,281,281100,230500,2010-05,8.75
2010-05,262759,244245,309314,816318,9.2,281,281100,230500,2010-05,8.79
2010-05,262759,244245,309314,816318,9.2,281,281100,230500,2010-05,9.2
2010-05,262759,244245,309314,816318,9.2,281,281100,230500,2010-05,9.08
2010-06,262842,241400,312059,816302,8.2,307,256700,219500,2010-06,8.75
2010-06,262842,241400,312059,816302,8.2,307,256700,219500,2010-06,9
2010-06,262842,241400,312059,816302,8.2,307,256700,219500,2010-06,9.07
2010-06,262842,241400,312059,816302,8.2,307,256700,219500,2010-06,8.63
2010-06,262842,241400,312059,816302,8.2,307,256700,219500,2010-06,8.42
2010-06,262842,241400,312059,816302,8.2,307,256700,219500,2010-06,8.4
2010-06,262842,241400,312059,816302,8.2,307,256700,219500,2010-06,8.4
2010-06,262842,241400,312059,816302,8.2,307,256700,219500,2010-06,8.7
2010-06,262842,241400,312059,816302,8.2,307,256700,219500,2010-06,8.82
2010-06,262842,241400,312059,816302,8.2,307,256700,219500,2010-06,8.86
2010-06,262842,241400,312059,816302,8.2,307,256700,219500,2010-06,9.1
2010-06,262842,241400,312059,816302,8.2,307,256700,219500,2010-06,9.05
2010-06,262842,241400,312059,816302,8.2,307,256700,219500,2010-06,9.02
2010-06,262842,241400,312059,816302,8.2,307,256700,219500,2010-06,9.04
2010-06,262842,241400,312059,816302,8.2,307,256700,219500,2010-06,8.95
2010-06,262842,241400,312059,816302,8.2,307,256700,219500,2010-06,8.77
2010-06,262842,241400,312059,816302,8.2,307,256700,219500,2010-06,8.75
2010-06,262842,241400,312059,816302,8.2,307,256700,219500,2010-06,8.59
2010-06,262842,241400,312059,816302,8.2,307,256700,219500,2010-06,8.75
2010-06,262842,241400,312059,816302,8.2,307,256700,219500,2010-06,8.7
2010-06,262842,241400,312059,816302,8.2,307,256700,219500,2010-06,8.33
2010-06,262842,241400,312059,816302,8.2,307,256700,219500,2010-06,8.23
2010-07,250462,233762,304301,788524,9,279,252100,212100,2010-07,8.16
2010-07,250462,233762,304301,788524,9,279,252100,212100,2010-07,8.08
2010-07,250462,233762,304301,788524,9,279,252100,212100,2010-07,7.98
2010-07,250462,233762,304301,788524,9,279,252100,212100,2010-07,8.28
2010-07,250462,233762,304301,788524,9,279,252100,212100,2010-07,8.41
2010-07,250462,233762,304301,788524,9,279,252100,212100,2010-07,8.54
2010-07,250462,233762,304301,788524,9,279,252100,212100,2010-07,8.46
2010-07,250462,233762,304301,788524,9,279,252100,212100,2010-07,8.75
2010-07,250462,233762,304301,788524,9,279,252100,212100,2010-07,8.7
2010-07,250462,233762,304301,788524,9,279,252100,212100,2010-07,8.64
2010-07,250462,233762,304301,788524,9,279,252100,212100,2010-07,8.31
2010-07,250462,233762,304301,788524,9,279,252100,212100,2010-07,8.34
2010-07,250462,233762,304301,788524,9,279,252100,212100,2010-07,8.49
2010-07,250462,233762,304301,788524,9,279,252100,212100,2010-07,8.35
2010-07,250462,233762,304301,788524,9,279,252100,212100,2010-07,8.66
2010-07,250462,233762,304301,788524,9,279,252100,212100,2010-07,8.85
2010-07,250462,233762,304301,788524,9,279,252100,212100,2010-07,9.03
2010-07,250462,233762,304301,788524,9,279,252100,212100,2010-07,8.98
2010-07,250462,233762,304301,788524,9,279,252100,212100,2010-07,8.86
2010-07,250462,233762,304301,788524,9,279,252100,212100,2010-07,8.9
2010-07,250462,233762,304301,788524,9,279,252100,212100,2010-07,8.9
2010-08,253837,229446,308370,791653,8.9,278,268800,226600,2010-08,9.05
2010-09,253837,229446,308370,791653,8.9,278,268800,226600,2010-08,8.94
2010-10,253837,229446,308370,791653,8.9,278,268800,226600,2010-08,9.05
2010-11,253837,229446,308370,791653,8.9,278,268800,226600,2010-08,8.97
2010-12,253837,229446,308370,791653,8.9,278,268800,226600,2010-08,8.91
2010-13,253837,229446,308370,791653,8.9,278,268800,226600,2010-08,9.03
2010-14,253837,229446,308370,791653,8.9,278,268800,226600,2010-08,8.85
2010-15,253837,229446,308370,791653,8.9,278,268800,226600,2010-08,8.49
2010-16,253837,229446,308370,791653,8.9,278,268800,226600,2010-08,8.45
2010-17,253837,229446,308370,791653,8.9,278,268800,226600,2010-08,8.36
2010-18,253837,229446,308370,791653,8.9,278,268800,226600,2010-08,8.42
2010-19,253837,229446,308370,791653,8.9,278,268800,226600,2010-08,8.57
2010-20,253837,229446,308370,791653,8.9,278,268800,226600,2010-08,8.6
2010-21,253837,229446,308370,791653,8.9,278,268800,226600,2010-08,8.38
2010-22,253837,229446,308370,791653,8.9,278,268800,226600,2010-08,8.37
2010-23,253837,229446,308370,791653,8.9,278,268800,226600,2010-08,8.24
2010-24,253837,229446,308370,791653,8.9,278,268800,226600,2010-08,8.13
2010-25,253837,229446,308370,791653,8.9,278,268800,226600,2010-08,8.24
2010-26,253837,229446,308370,791653,8.9,278,268800,226600,2010-08,8.16
2010-27,253837,229446,308370,791653,8.9,278,268800,226600,2010-08,8.39
2010-28,253837,229446,308370,791653,8.9,278,268800,226600,2010-08,8.18
2010-28,253837,229446,308370,791653,8.9,278,268800,226600,2010-08,8.19
2010-09,252704,231170,315041,798916,7.7,316,270800,228000,2010-09,8.52
2010-09,252704,231170,315041,798916,7.7,316,270800,228000,2010-09,8.61
2010-09,252704,231170,315041,798916,7.7,316,270800,228000,2010-09,8.76
2010-09,252704,231170,315041,798916,7.7,316,270800,228000,2010-09,8.56
2010-09,252704,231170,315041,798916,7.7,316,270800,228000,2010-09,8.62
2010-09,252704,231170,315041,798916,7.7,316,270800,228000,2010-09,8.66
2010-09,252704,231170,315041,798916,7.7,316,270800,228000,2010-09,8.68
2010-09,252704,231170,315041,798916,7.7,316,270800,228000,2010-09,8.88
2010-09,252704,231170,315041,798916,7.7,316,270800,228000,2010-09,8.84
2010-09,252704,231170,315041,798916,7.7,316,270800,228000,2010-09,8.88
2010-09,252704,231170,315041,798916,7.7,316,270800,228000,2010-09,8.82
2010-09,252704,231170,315041,798916,7.7,316,270800,228000,2010-09,8.85
2010-09,252704,231170,315041,798916,7.7,316,270800,228000,2010-09,9.08
2010-09,252704,231170,315041,798916,7.7,316,270800,228000,2010-09,9.02
2010-09,252704,231170,315041,798916,7.7,316,270800,228000,2010-09,8.9
2010-09,252704,231170,315041,798916,7.7,316,270800,228000,2010-09,8.81
2010-09,252704,231170,315041,798916,7.7,316,270800,228000,2010-09,9.1
2010-09,252704,231170,315041,798916,7.7,316,270800,228000,2010-09,9.05
2010-09,252704,231170,315041,798916,7.7,316,270800,228000,2010-09,9.15
2010-09,252704,231170,315041,798916,7.7,316,270800,228000,2010-09,9.18
2010-09,252704,231170,315041,798916,7.7,316,270800,228000,2010-09,9.17
2010-10,257129,236570,306567,800266,8.5,282,254400,204200,2010-10,9.2
2010-10,257129,236570,306567,800266,8.5,282,254400,204200,2010-10,9.07
2010-10,257129,236570,306567,800266,8.5,282,254400,204200,2010-10,9.33
2010-10,257129,236570,306567,800266,8.5,282,254400,204200,2010-10,9.31
2010-10,257129,236570,306567,800266,8.5,282,254400,204200,2010-10,9.29
2010-10,257129,236570,306567,800266,8.5,282,254400,204200,2010-10,9.42
2010-10,257129,236570,306567,800266,8.5,282,254400,204200,2010-10,9.42
2010-10,257129,236570,306567,800266,8.5,282,254400,204200,2010-10,9.46
2010-10,257129,236570,306567,800266,8.5,282,254400,204200,2010-10,9.6
2010-10,257129,236570,306567,800266,8.5,282,254400,204200,2010-10,9.58
2010-10,257129,236570,306567,800266,8.5,282,254400,204200,2010-10,9.55
2010-10,257129,236570,306567,800266,8.5,282,254400,204200,2010-10,9.64
2010-10,257129,236570,306567,800266,8.5,282,254400,204200,2010-10,9.45
2010-10,257129,236570,306567,800266,8.5,282,254400,204200,2010-10,9.56
2010-10,257129,236570,306567,800266,8.5,282,254400,204200,2010-10,9.52
2010-10,257129,236570,306567,800266,8.5,282,254400,204200,2010-10,9.55
2010-10,257129,236570,306567,800266,8.5,282,254400,204200,2010-10,9.59
2010-10,257129,236570,306567,800266,8.5,282,254400,204200,2010-10,9.57
2010-10,257129,236570,306567,800266,8.5,282,254400,204200,2010-10,9.53
2010-10,257129,236570,306567,800266,8.5,282,254400,204200,2010-10,9.47
2010-10,257129,236570,306567,800266,8.5,282,254400,204200,2010-10,9.5
2010-11,263784,235679,298865,798328,8.2,287,281700,219600,2010-11,9.46
2010-11,263784,235679,298865,798328,8.2,287,281700,219600,2010-11,9.63
2010-11,263784,235679,298865,798328,8.2,287,281700,219600,2010-11,9.66
2010-11,263784,235679,298865,798328,8.2,287,281700,219600,2010-11,9.93
2010-11,263784,235679,298865,798328,8.2,287,281700,219600,2010-11,9.99
2010-11,263784,235679,298865,798328,8.2,287,281700,219600,2010-11,10
2010-11,263784,235679,298865,798328,8.2,287,281700,219600,2010-11,9.86
2010-11,263784,235679,298865,798328,8.2,287,281700,219600,2010-11,9.99
2010-11,263784,235679,298865,798328,8.2,287,281700,219600,2010-11,9.95
2010-11,263784,235679,298865,798328,8.2,287,281700,219600,2010-11,9.78
2010-11,263784,235679,298865,798328,8.2,287,281700,219600,2010-11,9.79
2010-11,263784,235679,298865,798328,8.2,287,281700,219600,2010-11,9.6
2010-11,263784,235679,298865,798328,8.2,287,281700,219600,2010-11,9.63
2010-11,263784,235679,298865,798328,8.2,287,281700,219600,2010-11,9.8
2010-11,263784,235679,298865,798328,8.2,287,281700,219600,2010-11,9.85
2010-11,263784,235679,298865,798328,8.2,287,281700,219600,2010-11,9.86
2010-11,263784,235679,298865,798328,8.2,287,281700,219600,2010-11,9.75
2010-11,263784,235679,298865,798328,8.2,287,281700,219600,2010-11,9.96
2010-11,263784,235679,298865,798328,8.2,287,281700,219600,2010-11,9.9
2010-11,263784,235679,298865,798328,8.2,287,281700,219600,2010-11,9.9
2010-11,263784,235679,298865,798328,8.2,287,281700,219600,2010-11,9.83
2010-12,259138,229258,291499,779895,6.9,331,291700,241200,2010-12,10.03
2010-12,259138,229258,291499,779895,6.9,331,291700,241200,2010-12,10.17
2010-12,259138,229258,291499,779895,6.9,331,291700,241200,2010-12,10.25
2010-12,259138,229258,291499,779895,6.9,331,291700,241200,2010-12,10.29
2010-12,259138,229258,291499,779895,6.9,331,291700,241200,2010-12,10.33
2010-12,259138,229258,291499,779895,6.9,331,291700,241200,2010-12,10.35
2010-12,259138,229258,291499,779895,6.9,331,291700,241200,2010-12,10.42
2010-12,259138,229258,291499,779895,6.9,331,291700,241200,2010-12,10.54
2010-12,259138,229258,291499,779895,6.9,331,291700,241200,2010-12,10.49
2010-12,259138,229258,291499,779895,6.9,331,291700,241200,2010-12,10.48
2010-12,259138,229258,291499,779895,6.9,331,291700,241200,2010-12,10.42
2010-12,259138,229258,291499,779895,6.9,331,291700,241200,2010-12,10.52
2010-12,259138,229258,291499,779895,6.9,331,291700,241200,2010-12,10.52
2010-12,259138,229258,291499,779895,6.9,331,291700,241200,2010-12,10.56
2010-12,259138,229258,291499,779895,6.9,331,291700,241200,2010-12,10.68
2010-12,259138,229258,291499,779895,6.9,331,291700,241200,2010-12,10.74
2010-12,259138,229258,291499,779895,6.9,331,291700,241200,2010-12,10.71
2010-12,259138,229258,291499,779895,6.9,331,291700,241200,2010-12,10.74
2010-12,259138,229258,291499,779895,6.9,331,291700,241200,2010-12,10.72
2010-12,259138,229258,291499,779895,6.9,331,291700,241200,2010-12,10.74
2010-12,259138,229258,291499,779895,6.9,331,291700,241200,2010-12,10.73
2010-12,259138,229258,291499,779895,6.9,331,291700,241200,2010-12,10.68
2010-12,259138,229258,291499,779895,6.9,331,291700,241200,2011-01,10.88
2011-01,226833,237726,288079,752638,7.2,310,275700,240100,2011-01,10.73
2011-01,226833,237726,288079,752638,7.2,310,275700,240100,2011-01,10.83
2011-01,226833,237726,288079,752638,7.2,310,275700,240100,2011-01,10.79
2011-01,226833,237726,288079,752638,7.2,310,275700,240100,2011-01,10.73
2011-01,226833,237726,288079,752638,7.2,310,275700,240100,2011-01,10.77
2011-01,226833,237726,288079,752638,7.2,310,275700,240100,2011-01,10.83
2011-01,226833,237726,288079,752638,7.2,310,275700,240100,2011-01,10.92
2011-01,226833,237726,288079,752638,7.2,310,275700,240100,2011-01,10.89
2011-01,226833,237726,288079,752638,7.2,310,275700,240100,2011-01,10.99
2011-01,226833,237726,288079,752638,7.2,310,275700,240100,2011-01,10.99
2011-01,226833,237726,288079,752638,7.2,310,275700,240100,2011-01,10.74
2011-01,226833,237726,288079,752638,7.2,310,275700,240100,2011-01,10.66
2011-01,226833,237726,288079,752638,7.2,310,275700,240100,2011-01,10.61
2011-01,226833,237726,288079,752638,7.2,310,275700,240100,2011-01,10.7
2011-01,226833,237726,288079,752638,7.2,310,275700,240100,2011-01,10.72
2011-01,226833,237726,288079,752638,7.2,310,275700,240100,2011-01,10.89
2011-01,226833,237726,288079,752638,7.2,310,275700,240100,2011-01,10.93
2011-01,226833,237726,288079,752638,7.2,310,275700,240100,2011-01,10.66
2011-01,226833,237726,288079,752638,7.2,310,275700,240100,2011-01,10.72
2011-02,230390,231154,284511,746056,7.8,281,262800,220100,2011-02,10.97
2011-03,230390,231154,284511,746056,7.8,281,262800,220100,2011-02,10.92
2011-04,230390,231154,284511,746056,7.8,281,262800,220100,2011-02,10.95
2011-05,230390,231154,284511,746056,7.8,281,262800,220100,2011-02,10.97
2011-06,230390,231154,284511,746056,7.8,281,262800,220100,2011-02,11.09
2011-07,230390,231154,284511,746056,7.8,281,262800,220100,2011-02,11.15
2011-08,230390,231154,284511,746056,7.8,281,262800,220100,2011-02,11.11
2011-09,230390,231154,284511,746056,7.8,281,262800,220100,2011-02,11.14
2011-10,230390,231154,284511,746056,7.8,281,262800,220100,2011-02,11.26
2011-11,230390,231154,284511,746056,7.8,281,262800,220100,2011-02,11.31
2011-12,230390,231154,284511,746056,7.8,281,262800,220100,2011-02,11.24
2011-13,230390,231154,284511,746056,7.8,281,262800,220100,2011-02,11.38
2011-14,230390,231154,284511,746056,7.8,281,262800,220100,2011-02,11.47
2011-15,230390,231154,284511,746056,7.8,281,262800,220100,2011-02,11.47
2011-16,230390,231154,284511,746056,7.8,281,262800,220100,2011-02,11.16
2011-17,230390,231154,284511,746056,7.8,281,262800,220100,2011-02,10.99
2011-18,230390,231154,284511,746056,7.8,281,262800,220100,2011-02,11.02
2011-19,230390,231154,284511,746056,7.8,281,262800,220100,2011-02,11.27
2011-02,230390,231154,284511,746056,7.8,281,262800,220100,2011-02,11.29
2011-03,240277,226848,286309,753433,7,305,260800,220500,2011-03,11.08
2011-03,240277,226848,286309,753433,7,305,260800,220500,2011-03,11.13
2011-03,240277,226848,286309,753433,7,305,260800,220500,2011-03,11.38
2011-03,240277,226848,286309,753433,7,305,260800,220500,2011-03,11.29
2011-03,240277,226848,286309,753433,7,305,260800,220500,2011-03,11.12
2011-03,240277,226848,286309,753433,7,305,260800,220500,2011-03,11.3
2011-03,240277,226848,286309,753433,7,305,260800,220500,2011-03,11.29
2011-03,240277,226848,286309,753433,7,305,260800,220500,2011-03,11
2011-03,240277,226848,286309,753433,7,305,260800,220500,2011-03,11.05
2011-03,240277,226848,286309,753433,7,305,260800,220500,2011-03,10.98
2011-03,240277,226848,286309,753433,7,305,260800,220500,2011-03,10.87
2011-03,240277,226848,286309,753433,7,305,260800,220500,2011-03,10.72
2011-03,240277,226848,286309,753433,7,305,260800,220500,2011-03,10.8
2011-03,240277,226848,286309,753433,7,305,260800,220500,2011-03,10.91
2011-03,240277,226848,286309,753433,7,305,260800,220500,2011-03,11.17
2011-03,240277,226848,286309,753433,7,305,260800,220500,2011-03,11.11
2011-03,240277,226848,286309,753433,7,305,260800,220500,2011-03,11.12
2011-03,240277,226848,286309,753433,7,305,260800,220500,2011-03,11.2
2011-03,240277,226848,286309,753433,7,305,260800,220500,2011-03,11.29
2011-03,240277,226848,286309,753433,7,305,260800,220500,2011-03,11.24
2011-03,240277,226848,286309,753433,7,305,260800,220500,2011-03,11.33
2011-03,240277,226848,286309,753433,7,305,260800,220500,2011-03,11.46
2011-03,240277,226848,286309,753433,7,305,260800,220500,2011-03,11.49
2011-04,239268,235985,280167,755420,6.6,316,268900,224700,2011-04,11.56
2011-04,239268,235985,280167,755420,6.6,316,268900,224700,2011-04,11.58
2011-04,239268,235985,280167,755420,6.6,316,268900,224700,2011-04,11.63
2011-04,239268,235985,280167,755420,6.6,316,268900,224700,2011-04,11.67
2011-04,239268,235985,280167,755420,6.6,316,268900,224700,2011-04,11.63
2011-04,239268,235985,280167,755420,6.6,316,268900,224700,2011-04,11.51
2011-04,239268,235985,280167,755420,6.6,316,268900,224700,2011-04,11.39
2011-04,239268,235985,280167,755420,6.6,316,268900,224700,2011-04,11.24
2011-04,239268,235985,280167,755420,6.6,316,268900,224700,2011-04,11.24
2011-04,239268,235985,280167,755420,6.6,316,268900,224700,2011-04,11.25
2011-04,239268,235985,280167,755420,6.6,316,268900,224700,2011-04,11.35
2011-04,239268,235985,280167,755420,6.6,316,268900,224700,2011-04,11.18
2011-04,239268,235985,280167,755420,6.6,316,268900,224700,2011-04,11.2
2011-04,239268,235985,280167,755420,6.6,316,268900,224700,2011-04,11.37
2011-04,239268,235985,280167,755420,6.6,316,268900,224700,2011-04,11.44
2011-04,239268,235985,280167,755420,6.6,316,268900,224700,2011-04,11.43
2011-04,239268,235985,280167,755420,6.6,316,268900,224700,2011-04,11.56
2011-04,239268,235985,280167,755420,6.6,316,268900,224700,2011-04,11.61
2011-04,239268,235985,280167,755420,6.6,316,268900,224700,2011-04,11.64
2011-04,239268,235985,280167,755420,6.6,316,268900,224700,2011-04,11.68
2011-05,252261,243060,280516,775837,6.5,308,262700,222000,2011-05,11.56
2011-05,252261,243060,280516,775837,6.5,308,262700,222000,2011-05,11.43
2011-05,252261,243060,280516,775837,6.5,308,262700,222000,2011-05,11.3
2011-05,252261,243060,280516,775837,6.5,308,262700,222000,2011-05,11.25
2011-05,252261,243060,280516,775837,6.5,308,262700,222000,2011-05,11.3
2011-05,252261,243060,280516,775837,6.5,308,262700,222000,2011-05,11.39
2011-05,252261,243060,280516,775837,6.5,308,262700,222000,2011-05,11.55
2011-05,252261,243060,280516,775837,6.5,308,262700,222000,2011-05,11.36
2011-05,252261,243060,280516,775837,6.5,308,262700,222000,2011-05,11.43
2011-05,252261,243060,280516,775837,6.5,308,262700,222000,2011-05,11.27
2011-05,252261,243060,280516,775837,6.5,308,262700,222000,2011-05,11.13
2011-05,252261,243060,280516,775837,6.5,308,262700,222000,2011-05,11.06
2011-05,252261,243060,280516,775837,6.5,308,262700,222000,2011-05,11.24
2011-05,252261,243060,280516,775837,6.5,308,262700,222000,2011-05,11.25
2011-05,252261,243060,280516,775837,6.5,308,262700,222000,2011-05,11.16
2011-05,252261,243060,280516,775837,6.5,308,262700,222000,2011-05,10.97
2011-05,252261,243060,280516,775837,6.5,308,262700,222000,2011-05,10.93
2011-05,252261,243060,280516,775837,6.5,308,262700,222000,2011-05,11.04
2011-05,252261,243060,280516,775837,6.5,308,262700,222000,2011-05,11.14
2011-05,252261,243060,280516,775837,6.5,308,262700,222000,2011-05,11.23
2011-05,252261,243060,280516,775837,6.5,308,262700,222000,2011-05,11.38
2011-06,265226,236923,284635,786784,6.6,303,273100,240200,2011-06,11.16
2011-06,265226,236923,284635,786784,6.6,303,273100,240200,2011-06,11.12
2011-06,265226,236923,284635,786784,6.6,303,273100,240200,2011-06,10.96
2011-06,265226,236923,284635,786784,6.6,303,273100,240200,2011-06,10.78
2011-06,265226,236923,284635,786784,6.6,303,273100,240200,2011-06,10.79
2011-06,265226,236923,284635,786784,6.6,303,273100,240200,2011-06,10.69
2011-06,265226,236923,284635,786784,6.6,303,273100,240200,2011-06,10.76
2011-06,265226,236923,284635,786784,6.6,303,273100,240200,2011-06,10.6
2011-06,265226,236923,284635,786784,6.6,303,273100,240200,2011-06,10.58
2011-06,265226,236923,284635,786784,6.6,303,273100,240200,2011-06,10.81
2011-06,265226,236923,284635,786784,6.6,303,273100,240200,2011-06,10.61
2011-06,265226,236923,284635,786784,6.6,303,273100,240200,2011-06,10.63
2011-06,265226,236923,284635,786784,6.6,303,273100,240200,2011-06,10.66
2011-06,265226,236923,284635,786784,6.6,303,273100,240200,2011-06,10.75
2011-06,265226,236923,284635,786784,6.6,303,273100,240200,2011-06,10.98
2011-06,265226,236923,284635,786784,6.6,303,273100,240200,2011-06,10.9
2011-06,265226,236923,284635,786784,6.6,303,273100,240200,2011-06,10.88
2011-06,265226,236923,284635,786784,6.6,303,273100,240200,2011-06,10.77
2011-06,265226,236923,284635,786784,6.6,303,273100,240200,2011-06,10.85
2011-06,265226,236923,284635,786784,6.6,303,273100,240200,2011-06,11.02
2011-06,265226,236923,284635,786784,6.6,303,273100,240200,2011-06,11.1
2011-06,265226,236923,284635,786784,6.6,303,273100,240200,2011-06,11.22
2011-07,263373,222417,277677,763468,6.8,295,270300,229900,2011-07,11.41
2011-07,263373,222417,277677,763468,6.8,295,270300,229900,2011-07,11.38
2011-07,263373,222417,277677,763468,6.8,295,270300,229900,2011-07,11.42
2011-07,263373,222417,277677,763468,6.8,295,270300,229900,2011-07,11.6
2011-07,263373,222417,277677,763468,6.8,295,270300,229900,2011-07,11.5
2011-07,263373,222417,277677,763468,6.8,295,270300,229900,2011-07,11.22
2011-07,263373,222417,277677,763468,6.8,295,270300,229900,2011-07,11.17
2011-07,263373,222417,277677,763468,6.8,295,270300,229900,2011-07,11.26
2011-07,263373,222417,277677,763468,6.8,295,270300,229900,2011-07,11.11
2011-07,263373,222417,277677,763468,6.8,295,270300,229900,2011-07,11.18
2011-07,263373,222417,277677,763468,6.8,295,270300,229900,2011-07,10.99
2011-07,263373,222417,277677,763468,6.8,295,270300,229900,2011-07,11.22
2011-07,263373,222417,277677,763468,6.8,295,270300,229900,2011-07,11.21
2011-07,263373,222417,277677,763468,6.8,295,270300,229900,2011-07,11.35
2011-07,263373,222417,277677,763468,6.8,295,270300,229900,2011-07,11.33
2011-07,263373,222417,277677,763468,6.8,295,270300,229900,2011-07,11.22
2011-07,263373,222417,277677,763468,6.8,295,270300,229900,2011-07,11.15
2011-07,263373,222417,277677,763468,6.8,295,270300,229900,2011-07,10.83
2011-07,263373,222417,277677,763468,6.8,295,270300,229900,2011-07,10.8
2011-07,263373,222417,277677,763468,6.8,295,270300,229900,2011-07,10.79
2011-08,269278,232215,284816,786308,6.7,293,257600,217600,2011-08,10.73
2011-08,269278,232215,284816,786308,6.7,293,257600,217600,2011-08,10.38
2011-08,269278,232215,284816,786308,6.7,293,257600,217600,2011-08,10.42
2011-08,269278,232215,284816,786308,6.7,293,257600,217600,2011-08,9.8
2011-08,269278,232215,284816,786308,6.7,293,257600,217600,2011-08,9.63
2011-08,269278,232215,284816,786308,6.7,293,257600,217600,2011-08,8.77
2011-08,269278,232215,284816,786308,6.7,293,257600,217600,2011-08,9.32
2011-08,269278,232215,284816,786308,6.7,293,257600,217600,2011-08,8.83
2011-08,269278,232215,284816,786308,6.7,293,257600,217600,2011-08,9.32
2011-08,269278,232215,284816,786308,6.7,293,257600,217600,2011-08,9.29
2011-08,269278,232215,284816,786308,6.7,293,257600,217600,2011-08,9.59
2011-08,269278,232215,284816,786308,6.7,293,257600,217600,2011-08,9.42
2011-08,269278,232215,284816,786308,6.7,293,257600,217600,2011-08,9.41
2011-08,269278,232215,284816,786308,6.7,293,257600,217600,2011-08,8.89
2011-08,269278,232215,284816,786308,6.7,293,257600,217600,2011-08,8.74
2011-08,269278,232215,284816,786308,6.7,293,257600,217600,2011-08,8.71
2011-08,269278,232215,284816,786308,6.7,293,257600,217600,2011-08,9.11
2011-08,269278,232215,284816,786308,6.7,293,257600,217600,2011-08,9.26
2011-08,269278,232215,284816,786308,6.7,293,257600,217600,2011-08,9.04
2011-08,269278,232215,284816,786308,6.7,293,257600,217600,2011-08,9.26
2011-08,269278,232215,284816,786308,6.7,293,257600,217600,2011-08,9.72
2011-08,269278,232215,284816,786308,6.7,293,257600,217600,2011-08,9.76
2011-08,269278,232215,284816,786308,6.7,293,257600,217600,2011-08,9.76
2011-09,270704,236507,283083,790294,6.4,303,248400,213300,2011-09,9.52
2011-09,270704,236507,283083,790294,6.4,303,248400,213300,2011-09,9.17
2011-09,270704,236507,283083,790294,6.4,303,248400,213300,2011-09,9.13
2011-09,270704,236507,283083,790294,6.4,303,248400,213300,2011-09,9.53
2011-09,270704,236507,283083,790294,6.4,303,248400,213300,2011-09,9.33
2011-09,270704,236507,283083,790294,6.4,303,248400,213300,2011-09,9.07
2011-09,270704,236507,283083,790294,6.4,303,248400,213300,2011-09,9.14
2011-09,270704,236507,283083,790294,6.4,303,248400,213300,2011-09,9.28
2011-09,270704,236507,283083,790294,6.4,303,248400,213300,2011-09,9.45
2011-09,270704,236507,283083,790294,6.4,303,248400,213300,2011-09,9.59
2011-09,270704,236507,283083,790294,6.4,303,248400,213300,2011-09,9.59
2011-09,270704,236507,283083,790294,6.4,303,248400,213300,2011-09,9.41
2011-09,270704,236507,283083,790294,6.4,303,248400,213300,2011-09,9.23
2011-09,270704,236507,283083,790294,6.4,303,248400,213300,2011-09,8.86
2011-09,270704,236507,283083,790294,6.4,303,248400,213300,2011-09,8.55
2011-09,270704,236507,283083,790294,6.4,303,248400,213300,2011-09,8.63
2011-09,270704,236507,283083,790294,6.4,303,248400,213300,2011-09,8.86
2011-09,270704,236507,283083,790294,6.4,303,248400,213300,2011-09,9.02
2011-09,270704,236507,283083,790294,6.4,303,248400,213300,2011-09,8.66
2011-09,270704,236507,283083,790294,6.4,303,248400,213300,2011-09,8.83
2011-09,270704,236507,283083,790294,6.4,303,248400,213300,2011-09,8.57
2011-10,269141,243661,282930,795733,6.3,307,242300,212300,2011-10,8.13
2011-10,269141,243661,282930,795733,6.3,307,242300,212300,2011-10,8.6
2011-10,269141,243661,282930,795733,6.3,307,242300,212300,2011-10,8.78
2011-10,269141,243661,282930,795733,6.3,307,242300,212300,2011-10,9
2011-10,269141,243661,282930,795733,6.3,307,242300,212300,2011-10,8.79
2011-10,269141,243661,282930,795733,6.3,307,242300,212300,2011-10,9.17
2011-10,269141,243661,282930,795733,6.3,307,242300,212300,2011-10,9.23
2011-10,269141,243661,282930,795733,6.3,307,242300,212300,2011-10,9.4
2011-10,269141,243661,282930,795733,6.3,307,242300,212300,2011-10,9.35
2011-10,269141,243661,282930,795733,6.3,307,242300,212300,2011-10,9.54
2011-10,269141,243661,282930,795733,6.3,307,242300,212300,2011-10,9.21
2011-10,269141,243661,282930,795733,6.3,307,242300,212300,2011-10,9.52
2011-10,269141,243661,282930,795733,6.3,307,242300,212300,2011-10,9.33
2011-10,269141,243661,282930,795733,6.3,307,242300,212300,2011-10,9.39
2011-10,269141,243661,282930,795733,6.3,307,242300,212300,2011-10,9.6
2011-10,269141,243661,282930,795733,6.3,307,242300,212300,2011-10,9.89
2011-10,269141,243661,282930,795733,6.3,307,242300,212300,2011-10,9.59
2011-10,269141,243661,282930,795733,6.3,307,242300,212300,2011-10,9.8
2011-10,269141,243661,282930,795733,6.3,307,242300,212300,2011-10,10.29
2011-10,269141,243661,282930,795733,6.3,307,242300,212300,2011-10,10.23
2011-10,269141,243661,282930,795733,6.3,307,242300,212300,2011-10,9.93