date,DOW,SP100,WSMCAP,NWUAX
12/21/07,13450.65,1484.46,63397.03,10
12/24/07,13549.33,1496.45,64231.97,10.06
12/26/07,13551.69,1497.66,64072.3,10.07
12/27/07,13359.61,1476.37,62585.36,9.84
12/28/07,13365.87,1478.49,62438.6,9.83
12/31/07,13264.82,1468.36,62141.94,9.8
1/2/08,13043.96,1447.16,61196.83,9.64
1/3/08,13056.72,1447.16,60422.55,9.54
1/4/08,12800.18,1411.63,58681.09,9.27
1/7/08,12827.49,1416.18,58937.1,9.31
1/8/08,12589.07,1390.19,57419,9.07
1/9/08,12735.31,1409.13,57805.28,9.16
1/10/08,12853.09,1420.33,58423.98,9.25
1/11/08,12606.3,1401.02,57462.53,9.08
1/14/08,12778.15,1416.25,57950.55,9.16
1/15/08,12501.11,1380.95,56740.56,8.99
1/16/08,12466.16,1373.2,56996.57,9.04
1/17/08,12159.21,1333.25,55366.72,8.82
1/18/08,12099.3,1325.19,54792.92,8.73
1/22/08,11971.19,1310.5,54995.18,8.73
1/23/08,12270.17,1338.6,57089.42,8.97
1/24/08,12378.61,1352.07,57107.05,8.98
1/25/08,12207.17,1330.61,56879.99,8.9
1/28/08,12383.89,1353.97,58251.37,9.08
1/29/08,12480.3,1362.3,58888.49,9.13
1/30/08,12442.83,1355.81,58280.77,9.05
1/31/08,12650.36,1378.55,60015.7,9.27
2/1/08,12743.19,1395.42,61312.37,9.48
2/4/08,12635.16,1380.82,60714.32,9.39
2/5/08,12265.13,1336.64,59109.45,9.17
2/6/08,12200.1,1326.45,58656.92,9.1
2/7/08,12247,1336.91,59499.95,9.22
2/8/08,12182.13,1331.29,59080.59,9.18
2/11/08,12240.01,1339.13,59121.85,9.2
2/12/08,12373.41,1348.86,59544.07,9.23
2/13/08,12552.24,1367.21,60485.83,9.39
2/14/08,12376.98,1348.86,59372.12,9.23
2/15/08,12348.21,1349.99,59247.07,9.2
2/19/08,12337.22,1348.78,59262.59,9.2
2/20/08,12427.26,1360.03,60077.27,9.34
2/21/08,12284.3,1342.53,59067.59,9.2
2/22/08,12381.02,1353.11,59283.21,9.21
2/25/08,12570.22,1371.8,60508.57,9.39
2/26/08,12684.92,1381.29,60983.09,9.47
2/27/08,12694.28,1380.02,60750.84,9.43
2/28/08,12582.18,1367.68,59788.06,9.34
2/29/08,12266.39,1330.63,58139.32,9.1
3/3/08,12258.9,1331.34,58111.98,9.09
3/4/08,12213.8,1326.75,57821.58,9.05
3/5/08,12254.99,1333.7,57977.73,9.09
3/6/08,12040.39,1304.34,56302.15,8.9
3/7/08,11893.69,1293.37,56122.1,8.87
3/10/08,11740.15,1273.37,55029.53,8.73
3/11/08,12156.81,1320.65,57410.85,9.03
3/12/08,12110.24,1308.77,56848.16,8.94
3/13/08,12145.74,1315.48,57713.77,9.09
3/14/08,11951.09,1288.14,56466.17,8.89
3/17/08,11972.25,1276.6,55485.4,8.77
3/18/08,12392.66,1330.74,57845.84,9.1
3/19/08,12099.66,1298.42,56488.24,8.9
3/20/08,12361.32,1329.51,57897.99,9.07
3/24/08,12548.64,1349.88,59123.62,9.26
3/25/08,12532.6,1352.99,59424.68,9.36
3/26/08,12422.86,1341.13,58807.81,9.28
3/27/08,12302.46,1325.76,57983.01,9.18
3/28/08,12216.4,1315.22,57248.94,9.11
3/31/08,12262.89,1322.7,57798.34,9.19
4/1/08,12654.36,1370.18,59820.42,9.46
4/2/08,12605.83,1367.53,60015.68,9.48
4/3/08,12626.03,1369.31,60095.4,9.46
4/4/08,12609.42,1370.4,59817.74,9.47
4/7/08,12612.43,1372.54,59937.47,9.48
4/8/08,12576.44,1365.54,59660.73,9.45
4/9/08,12527.26,1354.49,58452.29,9.32
4/10/08,12581.98,1360.55,58951.84,9.38
4/11/08,12325.42,1332.83,57737.78,9.16
4/14/08,12302.06,1328.32,57447.82,9.14
4/15/08,12362.47,1334.43,58096.42,9.22
4/16/08,12619.27,1364.71,59854.62,9.48
4/17/08,12620.49,1365.56,59692.79,9.42
4/18/08,12849.36,1390.33,60509.42,9.6
4/21/08,12825.02,1388.17,60050.77,9.55
4/22/08,12720.23,1375.94,59114.03,9.36
4/23/08,12763.22,1379.93,59003.41,9.37
4/24/08,12848.95,1388.82,59948.24,9.45
4/25/08,12891.86,1397.84,60438.73,9.51
4/28/08,12871.75,1396.37,60831.19,9.57
4/29/08,12831.94,1390.94,60461.86,9.52
4/30/08,12820.13,1385.59,60144.32,9.49
5/1/08,13010,1409.34,61508.03,9.65
5/2/08,13058.2,1413.9,61275.84,9.63
5/5/08,12969.54,1407.49,61056.43,9.61
5/6/08,13020.83,1418.26,61388.84,9.7
5/7/08,12814.35,1392.57,60382.64,9.58
5/8/08,12866.78,1397.68,60369.66,9.6
5/9/08,12745.88,1388.28,60369.3,9.59
5/12/08,12876.31,1403.58,61450.52,9.72
5/13/08,12832.18,1403.04,61609.6,9.77
5/14/08,12898.38,1408.66,61810.68,9.78
5/15/08,12992.66,1423.57,62389,9.87
5/16/08,12986.8,1425.35,62132.85,9.85
5/19/08,13028.16,1426.63,62068.06,9.85
5/20/08,12828.68,1413.4,61725.89,9.84
5/21/08,12601.19,1390.71,60997.1,9.72
5/22/08,12625.62,1394.35,61371.86,9.79
5/23/08,12479.63,1375.93,60551.35,9.65
5/27/08,12548.35,1385.35,61240.79,9.77
5/28/08,12594.03,1390.84,61431.42,9.81
5/29/08,12646.22,1398.26,61986.78,9.86
5/30/08,12638.32,1400.38,62116.33,9.91
6/2/08,12503.82,1385.67,61496.65,9.84
6/3/08,12402.85,1377.65,61397.35,9.83
6/4/08,12390.48,1377.2,61600.18,9.86
6/5/08,12604.45,1404.05,62711.6,10.08
6/6/08,12209.81,1360.68,60718.76,9.79
6/9/08,12280.32,1361.76,60209.51,9.76
6/10/08,12289.76,1358.44,60166.28,9.72
6/11/08,12083.77,1335.49,58844.47,9.57
6/12/08,12141.58,1339.87,59109.53,9.57
6/13/08,12307.35,1360.03,59900.79,9.68
6/16/08,12269.08,1360.14,60336.08,9.74
6/17/08,12160.3,1350.93,59646.45,9.69
6/18/08,12029.06,1337.81,59099.12,9.62
6/19/08,12063.09,1342.83,59544.89,9.67
6/20/08,11842.69,1317.93,58526.93,9.53
6/23/08,11842.36,1318,57901.47,9.49
6/24/08,11807.43,1314.29,57310.5,9.44
6/25/08,11811.83,1321.97,57812.72,9.52
6/26/08,11453.42,1283.15,56213.26,9.26
6/27/08,11346.51,1278.38,55819.49,9.19
6/30/08,11350.01,1280,55201,9.07
7/1/08,11382.26,1284.91,55253.57,9.06
7/2/08,11215.51,1261.52,53799.04,8.83
7/3/08,11288.54,1262.9,53299.43,8.76
7/7/08,11231.96,1252.31,52675.57,8.66
7/8/08,11384.21,1273.7,54516.08,8.95
7/9/08,11147.44,1244.69,53059,8.72
7/10/08,11229.02,1253.39,53328.39,8.75
7/11/08,11100.54,1239.49,53325.28,8.75
7/14/08,11055.19,1228.3,52278.19,8.6
7/15/08,10962.54,1214.91,51919.1,8.55
7/16/08,11239.28,1245.36,54021.8,8.9
7/17/08,11446.66,1260.32,55185.95,9.09
7/18/08,11496.57,1260.68,55115.36,9.09
7/21/08,11467.34,1260,55404.28,9.12
7/22/08,11602.5,1277,57030.51,9.38
7/23/08,11632.38,1282.19,57350.37,9.46
7/24/08,11349.28,1252.54,55672.25,9.2
7/25/08,11370.69,1257.76,56100.91,9.28
7/28/08,11131.08,1234.37,55200.74,9.09
7/29/08,11397.56,1263.2,56933.25,9.36
7/30/08,11583.69,1284.26,57236,9.39
7/31/08,11378.02,1267.38,56802.5,9.34
8/1/08,11326.32,1260.31,56952.85,9.35
8/4/08,11284.15,1249.01,56200.77,9.22
8/5/08,11615.77,1284.88,57707.93,9.49
8/6/08,11656.07,1289.19,57779.55,9.53
8/7/08,11431.43,1266.07,56654.26,9.34
8/8/08,11734.32,1296.32,58362.25,9.64
8/11/08,11782.35,1305.32,59592.34,9.86
8/12/08,11642.47,1289.59,58852.84,9.78
8/13/08,11532.96,1285.83,58782.63,9.78
8/14/08,11615.93,1292.93,59478.3,9.9
8/15/08,11659.9,1298.2,59699.8,9.93
8/18/08,11479.39,1278.6,58880.19,9.77
8/19/08,11348.55,1266.69,57990.3,9.62
8/20/08,11417.43,1274.54,57970.32,9.62
8/21/08,11430.21,1277.72,57515.19,9.56
8/22/08,11628.06,1292.2,58499.28,9.72
8/25/08,11386.25,1266.84,57231.82,9.5
8/26/08,11412.87,1271.51,57467.28,9.55
8/27/08,11502.51,1281.66,58162.96,9.68
8/28/08,11715.18,1300.68,59513.66,9.85
8/29/08,11543.55,1282.83,59069.56,9.75
9/2/08,11516.92,1277.58,59176.28,9.78
9/3/08,11532.88,1274.98,59548.99,9.85
9/4/08,11188.23,1236.83,57904.37,9.59
9/5/08,11220.96,1242.31,58087.02,9.62
9/8/08,11510.74,1267.79,59417.99,9.85
9/9/08,11230.73,1224.51,57368.31,9.55
9/10/08,11268.92,1232.04,58020.45,9.69
9/11/08,11433.71,1249.05,58198.77,9.71
9/12/08,11421.99,1251.7,58594.51,9.71
9/15/08,10917.51,1192.7,56046.03,9.34
9/16/08,11059.02,1213.59,57501.71,9.57
9/17/08,10609.66,1156.39,54702.87,9.12
9/18/08,11019.69,1206.51,58544.09,9.72
9/19/08,11388.44,1255.08,61144.11,10.14
9/22/08,11015.69,1207.09,57810.58,9.68
9/23/08,10854.17,1188.22,57235.35,9.57
9/24/08,10825.17,1185.87,56568.02,9.41
9/25/08,11022.06,1209.18,57195.3,9.51
9/26/08,11143.13,1213.01,57149.38,9.48
9/29/08,10365.45,1106.39,53104.08,8.85
9/30/08,10850.66,1166.36,55083.33,9.15
10/1/08,10831.07,1161.06,54970.64,9.09
10/2/08,10482.85,1114.28,52370.64,8.63
10/3/08,10325.38,1099.23,50938.05,8.44
10/6/08,9955.5,1056.89,48870.41,8.11
10/7/08,9447.11,996.23,46040.35,7.64
10/8/08,9258.1,984.94,44848.81,7.46
10/9/08,8579.19,909.92,40786.98,6.77
10/10/08,8451.19,899.22,42318.47,6.93
10/13/08,9387.61,1003.35,46212.97,7.59
10/14/08,9310.99,998.01,45488.8,7.43
10/15/08,8577.91,907.84,41474.14,6.77
10/16/08,8979.26,946.43,43476.83,7.13
10/17/08,8852.22,940.55,42847.47,7.01
10/20/08,9265.43,985.4,44384.19,7.25
10/21/08,9033.66,955.05,43225.93,7.05
10/22/08,8519.21,896.78,40841.39,6.67
10/23/08,8691.25,908.11,39987.69,6.53
10/24/08,8378.95,876.77,38655.63,6.31
10/27/08,8175.77,848.92,37114.04,6.06
10/28/08,9065.12,940.51,40115.68,6.47
10/29/08,8990.96,930.09,40719.26,6.56
10/30/08,9180.69,954.09,42384.48,6.86
10/31/08,9325.01,968.75,44090.95,7.15
11/3/08,9319.83,966.3,44114.45,7.15
11/4/08,9625.28,1005.75,44711.62,7.25
11/5/08,9139.27,952.77,42211.96,6.88
11/6/08,8695.79,904.88,40577.31,6.63
11/7/08,8943.81,930.99,41406.17,6.74
11/10/08,8870.54,919.21,40226.02,6.57
11/11/08,8693.96,898.95,39417.23,6.43
11/12/08,8282.66,852.3,37271.96,6.05
11/13/08,8835.25,911.29,40218.44,6.54
11/14/08,8497.31,873.29,37686.15,6.13
11/17/08,8273.58,850.75,37095.48,6.02
11/18/08,8424.75,859.12,36991.84,5.99
11/19/08,7997.28,806.58,34018.66,5.53
11/20/08,7552.29,752.44,31520.08,5.13
11/21/08,8046.42,800.03,33259.63,5.37
11/24/08,8443.39,851.81,35936.6,5.76
11/25/08,8479.47,857.39,36699.52,5.87
11/26/08,8726.61,887.68,38586.61,6.22
11/28/08,8829.04,896.24,39202.35,6.3
12/1/08,8149.09,816.21,34445.46,5.58
12/2/08,8419.09,848.81,36429.16,5.9
12/3/08,8591.69,870.74,37542.17,6.09
12/4/08,8376.24,845.22,36511.47,5.93
12/5/08,8635.42,876.07,38222.57,6.19
12/8/08,8934.18,909.7,39580.52,6.42
12/9/08,8691.33,888.67,38296.31,6.22
12/10/08,8761.42,899.24,39197.73,6.36
12/11/08,8565.09,873.59,37118.58,6.05
12/12/08,8629.68,879.73,38552.19,6.25
12/15/08,8564.53,868.57,37398.03,6.05
12/16/08,8924.14,913.18,39883.1,6.45
12/17/08,8824.34,904.42,40052.8,6.48
12/18/08,8604.99,885.28,39275.43,6.4
12/19/08,8579.11,887.88,39755.42,6.35
12/22/08,8519.77,871.63,38858.28,6.19
12/23/08,8419.49,863.16,38352.25,6.12
12/24/08,8468.48,868.15,38569.53,6.16
12/26/08,8515.55,872.8,39100.14,6.24
12/29/08,8483.93,869.42,38411.84,6.13
12/30/08,8668.39,890.64,39804.95,6.37
12/31/08,8776.39,903.25,41062.31,6.58
1/2/09,9034.69,931.8,41656.7,6.69
1/5/09,8952.89,927.45,41537.87,6.67
1/6/09,9015.1,934.7,42371.2,6.81
1/7/09,8769.7,906.65,40898.38,6.57
1/8/09,8742.46,909.73,41310.42,6.65
1/9/09,8599.18,890.35,39807.25,6.37
1/12/09,8473.97,870.26,38683.3,6.19
1/13/09,8448.56,871.79,39231.35,6.26
1/14/09,8200.14,842.62,37613.28,5.98
1/15/09,8212.49,843.74,38065.86,6.06
1/16/09,8281.22,850.12,38498.59,6.09
1/20/09,7949.09,805.22,35811.61,5.62
1/21/09,8228.1,840.24,37691.13,5.92
1/22/09,8122.8,827.5,36380.96,5.72
1/23/09,8077.56,831.95,36714.84,5.75
1/26/09,8116.03,836.57,36948.02,5.8
1/27/09,8174.73,845.71,37492.02,5.88
1/28/09,8375.45,874.09,39077.38,6.13
1/29/09,8149.01,845.14,37370.65,5.83
1/30/09,8000.86,825.88,36412.97,5.66
2/2/09,7936.83,825.44,36738.52,5.7
2/3/09,8078.36,838.51,36858.2,5.73
2/4/09,7956.66,832.23,36538.45,5.68
2/5/09,8063.07,845.85,36925.48,5.77
2/6/09,8280.59,868.6,38372.11,6.02
2/9/09,8270.87,869.89,38284.6,5.99
2/10/09,7888.88,827.16,36272.76,5.67
2/11/09,7939.53,833.74,36606.3,5.71
2/12/09,7932.76,835.19,36696.83,5.73
2/13/09,7850.41,826.84,36220.22,5.67
2/17/09,7552.6,789.17,34571.03,5.39
2/18/09,7555.63,788.42,34123.35,5.32
2/19/09,7465.95,778.94,33325.53,5.21
2/20/09,7365.67,770.05,32876.8,5.12
2/23/09,7114.78,743.33,31488.74,4.9
2/24/09,7350.94,773.14,33024.11,5.15
2/25/09,7270.89,764.9,32409.1,5.02
2/26/09,7182.08,752.83,32027.9,4.95
2/27/09,7062.93,735.09,31660.16,4.89
3/2/09,6763.29,700.82,29935.81,4.61
3/3/09,6726.02,696.33,29237.67,4.49
3/4/09,6875.84,712.87,30038.43,4.62
3/5/09,6594.44,682.55,28192.6,4.32
3/6/09,6626.94,683.38,28169.21,4.32
3/9/09,6547.05,676.53,27754.15,4.24
3/10/09,6926.49,719.6,29874.93,4.59
3/11/09,6930.4,721.36,29837.01,4.59
3/12/09,7170.06,750.74,31603.42,4.89
3/13/09,7223.98,756.55,31830.37,4.94
3/16/09,7216.97,753.89,31463.77,4.9
3/17/09,7395.7,778.12,32796.23,5.12
3/18/09,7486.58,794.35,34113.24,5.34
3/19/09,7400.8,784.04,33715.4,5.29
3/20/09,7278.38,768.54,32674.26,5.13
3/23/09,7775.86,822.92,35874.38,5.58
3/24/09,7659.97,806.12,34401.29,5.36
3/25/09,7749.81,813.88,35181.06,5.5
3/26/09,7924.56,832.86,36621,5.74
3/27/09,7776.18,815.94,35422.33,5.55
3/30/09,7522.02,787.53,33794.07,5.31
3/31/09,7608.92,797.87,34605.56,5.41
4/1/09,7761.6,811.08,35287.59,5.54
4/2/09,7978.08,834.38,37153.34,5.85
4/3/09,8017.59,842.5,37980.98,5.94
4/6/09,7975.85,835.48,37305.41,5.83
4/7/09,7789.56,815.55,35898.88,5.62
4/8/09,7837.11,825.16,36594.35,5.74
4/9/09,8083.38,856.56,39399.46,5.96
4/13/09,8057.81,858.73,39756.34,5.99
4/14/09,7920.18,841.5,38044.84,5.78
4/15/09,8029.62,852.06,39124.72,5.91
4/16/09,8125.43,865.3,40219.15,6.09
4/17/09,8131.33,869.6,40909.93,6.19
4/20/09,7841.73,832.39,37849.23,5.76
4/21/09,7969.56,850.08,39793.36,6.03
4/22/09,7886.57,843.55,39649.53,6.04
4/23/09,7957.06,851.92,39669.25,5.98
4/24/09,8076.29,866.23,40959.07,6.15
4/27/09,8025,857.51,39830.98,6
4/28/09,8016.95,855.16,40001.38,6.07
4/29/09,8185.73,873.64,41731.07,6.31
4/30/09,8168.12,872.81,41498.89,6.27
5/1/09,8212.41,877.52,41364.27,6.28
5/4/09,8426.74,907.24,43762.77,6.57
5/5/09,8410.65,903.8,43286.91,6.54
5/6/09,8512.28,919.53,44054.34,6.63
5/7/09,8409.85,907.39,42788.29,6.44
5/8/09,8574.65,929.23,45227.39,6.74
5/11/09,8418.77,909.24,43896.02,6.56
5/12/09,8469.11,908.35,43165.74,6.59
5/13/09,8284.89,883.92,40649.79,6.26
5/14/09,8331.32,893.07,41639.7,6.39
5/15/09,8268.64,882.88,41012.12,6.32
5/18/09,8504.08,909.71,43143.03,6.61
5/19/09,8474.85,908.13,42769.88,6.58
5/20/09,8422.04,903.47,42344.78,6.51
5/21/09,8292.13,888.33,41645.35,6.39
5/22/09,8277.32,887,41270.96,6.35
5/26/09,8473.49,910.33,43179.39,6.65
5/27/09,8300.02,893.06,41984.78,6.49
5/28/09,8403.8,906.83,42316.6,6.52
5/29/09,8500.33,919.14,43138.21,6.64
6/1/09,8721.44,942.87,44808.26,6.9
6/2/09,8740.87,944.74,45027.72,6.95
6/3/09,8675.28,931.76,44390.4,6.86
6/4/09,8750.24,942.46,45348.25,7
6/5/09,8763.13,940.09,45189.81,6.99
6/8/09,8764.49,939.14,44828.89,6.93
6/9/09,8763.06,942.43,45010.21,6.97
6/10/09,8739.02,939.15,44669.03,6.94
6/11/09,8770.92,944.89,44792.91,6.97
6/12/09,8799.26,946.21,44779.45,6.94
6/15/09,8612.13,923.72,43378.94,6.73
6/16/09,8504.67,911.97,42623.47,6.62
6/17/09,8497.18,910.71,42307.55,6.62
6/18/09,8555.6,918.37,42556.34,6.66
6/19/09,8539.73,921.23,42872.36,6.7
6/22/09,8339.01,893.04,41035.9,6.42
6/23/09,8322.91,895.1,40854.24,6.38
6/24/09,8299.86,900.94,41346.19,6.44
6/25/09,8472.4,920.26,42436.79,6.62
6/26/09,8438.39,918.9,42838.14,6.7
6/29/09,8529.38,927.23,43046.33,6.71
6/30/09,8447,919.32,42786.63,6.66
7/1/09,8504.06,923.33,43552.57,6.79
7/2/09,8280.74,896.42,41897.73,6.52
7/6/09,8324.87,898.72,41825.6,6.49
7/7/09,8163.6,881.03,40882.09,6.37
7/8/09,8178.41,879.56,40488.89,6.32
7/9/09,8183.17,882.68,40620.78,6.34
7/10/09,8146.52,879.13,40590.27,6.35
7/13/09,8331.68,901.05,41863.46,6.53
7/14/09,8359.49,905.84,42157.91,6.58
7/15/09,8616.21,932.68,43758.77,6.84
7/16/09,8711.82,940.74,44238.92,6.94
7/17/09,8743.94,940.38,43828.52,6.9
7/20/09,8848.15,951.13,44598.53,7
7/21/09,8915.94,954.58,44238.81,6.96
7/22/09,8881.26,954.07,44549.77,7.01
7/23/09,9069.29,976.29,46058.1,7.23
7/24/09,9093.24,979.26,46382.42,7.26
7/27/09,9108.51,982.18,46991.6,7.32
7/28/09,9096.72,979.62,47024.07,7.33
7/29/09,9070.72,975.15,46610.94,7.29
7/30/09,9154.46,986.75,47580.91,7.42
7/31/09,9171.61,987.48,47741.05,7.43
8/3/09,9286.56,1002.63,48800.96,7.58
8/4/09,9320.19,1005.65,49601.57,7.65
8/5/09,9280.97,1002.72,49862.94,7.59
8/6/09,9256.26,997.08,49337.54,7.52
8/7/09,9370.07,1010.48,50947.41,7.74
8/10/09,9337.95,1007.1,50855.48,7.74
8/11/09,9241.45,994.35,49794,7.6
8/12/09,9361.61,1005.81,50522.36,7.74
8/13/09,9398.19,1012.73,50965.87,7.79
8/14/09,9321.4,1004.09,50107.13,7.63
8/17/09,9135.34,979.73,48390.36,7.41
8/18/09,9217.94,989.67,49180.73,7.54
8/19/09,9279.16,996.46,49376.03,7.61
8/20/09,9350.05,1007.37,50189.29,7.69
8/21/09,9505.96,1026.13,51423.48,7.88
8/24/09,9509.28,1025.57,51275.98,7.86
8/25/09,9539.29,1028,51697.09,7.93
8/26/09,9543.52,1028.12,51750.27,7.93
8/27/09,9580.63,1030.98,51977.9,7.95
8/28/09,9544.2,1028.93,51972.63,7.92
8/31/09,9496.28,1020.62,51297.03,7.8
9/1/09,9310.6,998.04,49624.87,7.6
9/2/09,9280.67,994.75,49100.87,7.55
9/3/09,9344.61,1003.24,49867.75,7.65
9/4/09,9441.27,1016.4,50460.1,7.76
9/8/09,9497.34,1025.39,51060.26,7.85
9/9/09,9547.22,1033.37,51889.59,7.99
9/10/09,9627.48,1044.14,52548.72,8.11
9/11/09,9605.41,1042.73,52450.23,8.09
9/14/09,9626.8,1049.34,53133.02,8.16
9/15/09,9683.41,1052.63,53851.54,8.25
9/16/09,9791.71,1068.76,55372.7,8.43
9/17/09,9783.92,1065.49,54890.09,8.37
9/18/09,9820.2,1068.3,55005.29,8.4
9/21/09,9778.86,1064.66,54662.03,8.38
9/22/09,9829.87,1071.66,55389.16,8.44
9/23/09,9748.55,1060.87,54547.76,8.35
9/24/09,9707.44,1050.78,53357.2,8.18
9/25/09,9665.19,1044.38,53070.03,8.13
9/28/09,9789.36,1062.98,54514.15,8.34
9/29/09,9742.2,1060.61,54497.94,8.32
9/30/09,9712.28,1057.08,53882.5,8.21
10/1/09,9509.28,1029.85,51974.55,7.92
10/2/09,9487.67,1025.21,51584.89,7.85
10/5/09,9599.75,1040.46,52750.51,8.02
10/6/09,9731.25,1054.72,53593.36,8.17
10/7/09,9725.58,1057.58,53667.42,8.18
10/8/09,9786.87,1065.48,54348.33,8.26
10/9/09,9864.94,1071.49,54833.5,8.35
10/12/09,9885.8,1076.19,54856.9,8.36
10/13/09,9871.06,1073.19,54602.37,8.33
10/14/09,10015.86,1092.02,55747.99,8.51
10/15/09,10062.94,1096.56,55775.19,8.51
10/16/09,9995.91,1087.68,54994.25,8.39
10/19/09,10092.19,1097.91,55483.77,8.47
10/20/09,10041.48,1091.06,54619.44,8.36
10/21/09,9949.36,1081.4,53916.84,8.23
10/22/09,10081.31,1092.91,54837.41,8.37
10/23/09,9972.18,1079.6,53648.27,8.17
10/26/09,9867.96,1066.95,52908.73,8.04
10/27/09,9882.17,1063.41,52320.36,7.96
10/28/09,9762.69,1042.63,50482.51,7.69
10/29/09,9962.58,1066.11,51851.27,7.9
10/30/09,9712.73,1036.19,50075.95,7.64
11/2/09,9789.44,1042.88,49911.96,7.62
11/3/09,9771.91,1045.41,50711.62,7.73
11/4/09,9802.14,1046.5,50136.15,7.65
11/5/09,10005.96,1066.63,51628.08,7.88
11/6/09,10023.42,1069.3,51516.42,7.87
11/9/09,10226.94,1093.08,52849.08,8.06
11/10/09,10246.97,1093.01,52432.26,8
11/11/09,10291.26,1098.51,53005.28,8.07
11/12/09,10197.47,1087.24,51968.94,7.9
11/13/09,10270.47,1093.48,52423.28,7.97
11/16/09,10406.96,1109.3,53769.55,8.17
11/17/09,10437.42,1110.32,53741.52,8.17
11/18/09,10426.31,1109.8,53756.45,8.14
11/19/09,10332.44,1094.9,52553.47,7.95
11/20/09,10318.16,1091.38,52435.88,7.92
11/23/09,10450.95,1106.24,53215.55,8.05
11/24/09,10433.71,1105.65,52998.47,8.01
11/25/09,10464.4,1110.63,53092.03,8.02
11/27/09,10309.92,1091.49,51765.77,7.82
11/30/09,10344.84,1095.63,52079.99,7.85
12/1/09,10471.58,1108.86,52904.69,7.96
12/2/09,10452.68,1109.24,53518.19,8.04
12/3/09,10366.15,1099.92,52895.26,7.93
12/4/09,10388.9,1105.98,54202.32,8.11
12/7/09,10390.11,1103.25,54211.93,8.12
12/8/09,10285.97,1091.94,53841.13,8.05
12/9/09,10337.05,1095.95,53886.08,8.05
12/10/09,10405.83,1102.35,53789.91,8.03
12/11/09,10471.5,1106.41,54356.41,8.1
12/14/09,10501.05,1114.11,55206.54,8.22
12/15/09,10452,1107.93,54873.55,8.17
12/16/09,10441.12,1109.18,55241.55,8.23
12/17/09,10308.26,1096.08,54706.24,8.14
12/18/09,10328.89,1102.47,55253.05,8.2
12/21/09,10414.14,1114.05,55936.53,8.31
12/22/09,10464.93,1118.02,56491.42,8.39
12/23/09,10466.44,1120.59,57019.8,8.46
12/24/09,10520.1,1126.48,57384.7,8.49
12/28/09,10547.08,1127.78,57342.34,8.48
12/29/09,10545.41,1126.2,57250.96,8.49
12/30/09,10548.51,1126.42,57149.47,8.49
12/31/09,10428.05,1115.1,56440.79,8.39
1/4/10,10583.96,1132.99,57634.63,8.59
1/5/10,10572.02,1136.52,57652.8,8.57
1/6/10,10573.68,1137.14,57778.24,8.58
1/7/10,10606.86,1141.69,58307.83,8.67
1/8/10,10618.19,1144.98,58511.91,8.72
1/11/10,10663.99,1146.98,58471.86,8.7
1/12/10,10627.26,1136.22,57608.09,8.58
1/13/10,10680.77,1145.68,58370.64,8.69
1/14/10,10710.55,1148.46,58645.26,8.74
1/15/10,10609.65,1136.03,57967.35,8.63
1/19/10,10725.43,1150.23,58890.61,8.76
1/20/10,10603.15,1138.04,58238.19,8.66
1/21/10,10389.88,1116.48,57263.27,8.52
1/22/10,10172.98,1091.76,56095.24,8.36
1/25/10,10196.86,1096.78,56246.59,8.38
1/26/10,10194.29,1092.17,55838.55,8.34
1/27/10,10236.16,1097.5,56360.84,8.41
1/28/10,10120.46,1084.53,55536.13,8.27
1/29/10,10067.33,1073.87,54939.94,8.18
2/1/10,10185.53,1089.19,55680.03,8.32
2/2/10,10296.85,1103.32,56307.36,8.4
2/3/10,10270.55,1097.28,55836.12,8.34
2/4/10,10002.18,1063.11,53949.88,8.05
2/5/10,10012.23,1066.19,54206.82,8.09
2/8/10,9908.39,1056.74,53582.37,8.02
2/9/10,10058.64,1070.52,54438.82,8.16
2/10/10,10038.38,1068.13,54500.32,8.17
2/11/10,10144.19,1078.47,55286.88,8.29
2/12/10,10099.14,1075.51,55752.28,8.36
2/16/10,10268.81,1094.87,56836.34,8.51
2/17/10,10309.24,1099.51,57214.08,8.56
2/18/10,10392.9,1106.75,57653.98,8.64
2/19/10,10402.35,1109.17,57933.75,8.69
2/22/10,10383.38,1108.01,58052.54,8.71
2/23/10,10282.41,1094.6,57314.67,8.59
2/24/10,10374.16,1105.24,57887.73,8.67
2/25/10,10321.03,1102.94,57896.04,8.68
2/26/10,10325.26,1104.49,57690.18,8.65
3/1/10,10403.79,1115.71,58825.63,8.83
3/2/10,10405.98,1118.31,59250.36,8.9
3/3/10,10396.76,1118.79,59350.75,8.91
3/4/10,10444.14,1122.97,59673.03,8.97
3/5/10,10566.2,1138.7,60891.05,9.12
3/8/10,10552.52,1138.5,61061.05,9.14
3/9/10,10564.38,1140.45,61290.47,9.18
3/10/10,10567.33,1145.61,61838.13,9.25
3/11/10,10611.84,1150.24,62070.75,9.28
3/12/10,10624.69,1149.99,62043.57,9.26
3/15/10,10642.15,1150.51,61858.54,9.23
3/16/10,10685.98,1159.46,62484.19,9.32
3/17/10,10733.67,1166.21,63100.04,9.4
3/18/10,10779.17,1165.83,62911.35,9.37
3/19/10,10741.98,1159.9,62249.09,9.25
3/22/10,10785.89,1165.81,62973.84,9.36
3/23/10,10888.83,1174.17,63583.19,9.46
3/24/10,10836.15,1167.72,63170.41,9.38
3/25/10,10841.21,1165.73,62765.64,9.31
3/26/10,10850.36,1166.59,62756.48,9.32
3/29/10,10895.86,1173.22,63052.15,9.38
3/30/10,10907.42,1173.27,63100.01,9.39
3/31/10,10856.63,1169.43,62705.65,9.33
4/1/10,10927.07,1178.1,63324.68,9.43
4/5/10,10973.55,1187.44,64669.86,9.62
4/6/10,10969.99,1189.44,65261.52,9.68
4/7/10,10897.52,1182.45,65034.99,9.67
4/8/10,10927.07,1186.44,65109.24,9.68
4/9/10,10997.35,1194.37,65554.11,9.72
4/12/10,11005.97,1196.48,65806.25,9.75
4/13/10,11019.42,1197.3,66008.97,9.76
4/14/10,11123.11,1210.65,67470.13,9.98
4/15/10,11144.57,1211.67,67511.28,10.03
4/16/10,11018.66,1192.13,66395.62,9.89
4/19/10,11092.05,1197.52,66228.99,9.87
4/20/10,11117.06,1207.17,67326.46,10.02
4/21/10,11124.92,1205.94,67967.57,10.09
4/22/10,11134.29,1208.67,68847.34,10.23
4/23/10,11204.28,1217.28,69608.29,10.35
4/26/10,11205.03,1212.05,69373.58,10.3
4/27/10,10991.99,1183.71,67379.86,10.02
4/28/10,11045.27,1191.36,67565.98,10.05
4/29/10,11167.32,1206.78,69200.42,10.25
4/30/10,11008.61,1186.69,67188.53,9.96
5/3/10,11151.83,1202.26,68682.55,10.13
5/4/10,10926.77,1173.6,66409.3,9.79
5/5/10,10868.12,1165.9,65311.37,9.64
5/6/10,10520.32,1128.15,62713.95,9.29
5/7/10,10380.43,1110.88,60837.85,9.01
5/10/10,10785.14,1159.73,64430.43,9.53
5/11/10,10748.26,1155.79,64902.11,9.59
5/12/10,10896.91,1171.67,66669.12,9.86
5/13/10,10782.95,1157.44,65953.29,9.75
5/14/10,10620.16,1135.68,64350.93,9.53
5/17/10,10625.83,1136.94,64440.38,9.55
5/18/10,10510.95,1120.8,63133.84,9.37
5/19/10,10444.37,1115.05,62306.14,9.26
5/20/10,10068.01,1071.59,59038.6,8.76
5/21/10,10193.39,1087.69,60077.16,8.9
5/24/10,10066.57,1073.65,59120.17,8.77
5/25/10,10043.75,1074.03,59104.07,8.75
5/26/10,9974.45,1067.95,59363.64,8.79
5/27/10,10258.99,1103.06,62072.61,9.2
5/28/10,10136.63,1089.41,61240.35,9.08
6/1/10,10024.02,1070.71,59234.78,8.75
6/2/10,10249.54,1098.38,60876.5,9
6/3/10,10255.28,1102.83,61282.89,9.07
6/4/10,9931.97,1064.88,58118.76,8.63
6/7/10,9816.49,1050.47,56799.18,8.42
6/8/10,9939.98,1062,57003.55,8.4
6/9/10,9899.25,1055.69,57011.34,8.4
6/10/10,10172.53,1086.84,59097.31,8.7
6/11/10,10211.07,1091.6,59885.4,8.82
6/14/10,10190.89,1089.63,60200.61,8.86
6/15/10,10404.77,1115.23,61782.74,9.1
6/16/10,10409.46,1114.61,61359.43,9.05
6/17/10,10434.17,1116.04,61220.82,9.02
6/18/10,10450.64,1117.51,61232.98,9.04
6/21/10,10442.41,1113.2,60651.8,8.95
6/22/10,10293.52,1095.31,59250.24,8.77
6/23/10,10298.44,1092.04,59085.1,8.75
6/24/10,10152.8,1073.69,58039.3,8.59
6/25/10,10143.81,1076.76,59138.21,8.75
6/28/10,10138.52,1074.57,58805.72,8.7
6/29/10,9870.3,1041.24,56457.03,8.33
6/30/10,9774.02,1030.71,55730.02,8.23
7/1/10,9732.53,1027.37,55295.83,8.16
7/2/10,9686.48,1022.58,54675.27,8.08
7/6/10,9743.62,1028.06,53926.52,7.98
7/7/10,10018.28,1060.27,56131.22,8.28
7/8/10,10138.99,1070.25,56905.53,8.41
7/9/10,10198.03,1077.96,57813.49,8.54
7/12/10,10216.27,1078.75,57267.03,8.46
7/13/10,10363.02,1095.34,59275.41,8.75
7/14/10,10366.72,1095.17,58860.11,8.7
7/15/10,10359.31,1096.48,58351.12,8.64
7/16/10,10097.9,1064.88,56042.69,8.31
7/19/10,10154.43,1071.25,56360.19,8.34
7/20/10,10229.96,1083.48,57344.13,8.49
7/21/10,10120.53,1069.59,56320.59,8.35
7/22/10,10322.3,1093.67,58480,8.66
7/23/10,10424.62,1102.66,59692.76,8.85
7/26/10,10525.43,1115.01,61040.61,9.03
7/27/10,10537.69,1113.84,60793.73,8.98
7/28/10,10497.88,1106.13,59838.49,8.86
7/29/10,10467.16,1101.53,59862.94,8.9
7/30/10,10465.94,1101.6,59934.74,8.9
8/2/10,10674.38,1125.86,61185.01,9.05
8/3/10,10636.38,1120.46,60480.5,8.94
8/4/10,10680.43,1127.24,61109.84,9.05
8/5/10,10674.98,1125.81,60405.5,8.97
8/6/10,10653.56,1121.64,60018.82,8.91
8/9/10,10698.75,1127.79,60788.93,9.03
8/10/10,10644.25,1121.06,59658.33,8.85
8/11/10,10378.83,1089.47,57350.07,8.49
8/12/10,10319.95,1083.61,56993.66,8.45
8/13/10,10303.15,1079.25,56450.24,8.36
8/16/10,10302.01,1079.38,56772.16,8.42
8/17/10,10405.85,1092.54,57811.97,8.57
8/18/10,10415.54,1094.16,57973.93,8.6
8/19/10,10271.21,1075.63,56422.31,8.38
8/20/10,10213.62,1071.69,56383.33,8.37
8/23/10,10174.41,1067.36,55592.96,8.24
8/24/10,10040.45,1051.87,54958.57,8.13
8/25/10,10060.06,1055.33,55746.69,8.24
8/26/10,9985.81,1047.22,55235.74,8.16
8/27/10,10150.65,1064.59,56632.72,8.39
8/30/10,10009.73,1048.92,55279.5,8.18
8/31/10,10014.72,1049.33,55439.14,8.19
9/1/10,10269.47,1080.29,57574.9,8.52
9/2/10,10320.1,1090.1,58310.25,8.61
9/3/10,10447.93,1104.51,59296.15,8.76
9/7/10,10340.69,1091.84,57967.82,8.56
9/8/10,10387.01,1098.87,58387.04,8.62
9/9/10,10415.24,1104.18,58490.32,8.66
9/10/10,10462.77,1109.55,58710.46,8.68
9/13/10,10544.13,1121.9,60063.66,8.88
9/14/10,10526.49,1121.1,59800.74,8.84
9/15/10,10572.73,1125.07,60028.9,8.88
9/16/10,10594.83,1124.66,59612.71,8.82
9/17/10,10607.85,1125.59,59856.65,8.85
9/20/10,10753.62,1142.71,61371.78,9.08
9/21/10,10761.03,1139.78,60793.77,9.02
9/22/10,10739.31,1134.28,60037.5,8.9
9/23/10,10662.42,1124.83,59203.02,8.81
9/24/10,10860.26,1148.67,61188.04,9.1
9/27/10,10812.04,1142.16,60883.85,9.05
9/28/10,10858.14,1147.7,61535.08,9.15
9/29/10,10835.28,1144.73,61649.26,9.18
9/30/10,10788.05,1141.2,61683.29,9.17
10/1/10,10829.68,1146.24,62020.82,9.2
10/4/10,10751.27,1137.03,61309.72,9.07
10/5/10,10944.72,1160.75,62949.88,9.33
10/6/10,10967.65,1159.97,62752.67,9.31
10/7/10,10948.58,1158.06,62652.78,9.29
10/8/10,11006.48,1165.15,63482.06,9.42
10/11/10,11010.34,1165.32,63459.01,9.42
10/12/10,11020.4,1169.77,63702.46,9.46
10/13/10,11096.08,1178.1,64589.89,9.6
10/14/10,11094.57,1173.81,64360.04,9.58
10/15/10,11062.78,1176.19,64164.85,9.55
10/18/10,11143.69,1184.71,64901.91,9.64
10/19/10,10978.62,1165.9,63603.6,9.45
10/20/10,11107.97,1178.17,64456.38,9.56
10/21/10,11146.57,1180.26,64103.29,9.52
10/22/10,11132.56,1183.08,64423.7,9.55
10/25/10,11164.05,1185.62,64569.17,9.59
10/26/10,11169.46,1185.64,64358.74,9.57
10/27/10,11126.28,1182.45,64052.57,9.53
10/28/10,11113.95,1183.78,63717.31,9.47
10/29/10,11118.49,1183.26,63862.14,9.5
11/1/10,11124.62,1184.38,63592.82,9.46
11/2/10,11188.72,1193.57,64650.72,9.63
11/3/10,11215.13,1197.96,64907,9.66
11/4/10,11434.84,1221.06,66766.76,9.93
11/5/10,11444.08,1225.85,67200.28,9.99
11/8/10,11406.84,1223.25,67095.64,10
11/9/10,11346.75,1213.4,65922.49,9.86
11/10/10,11357.04,1218.71,66767.02,9.99
11/11/10,11283.1,1213.54,66593.67,9.95
11/12/10,11192.58,1199.21,65518.93,9.78
11/15/10,11201.97,1197.75,65588.66,9.79
11/16/10,11023.5,1178.34,64151.02,9.6
11/17/10,11007.88,1178.59,64385.72,9.63
11/18/10,11181.23,1196.69,65420.3,9.8
11/19/10,11203.55,1199.73,65764.04,9.85
11/22/10,11178.58,1197.84,65930.69,9.86
11/23/10,11036.37,1180.73,65242.58,9.75
11/24/10,11187.28,1198.35,66702.8,9.96
11/26/10,11092,1189.4,66291.64,9.9
11/29/10,11052.49,1187.76,66334.47,9.9
11/30/10,11006.02,1180.55,65808.43,9.83
12/1/10,11255.78,1206.07,67235.08,10.03
12/2/10,11362.41,1221.53,68184.78,10.17
12/3/10,11382.09,1224.71,68625.19,10.25
12/6/10,11362.19,1223.12,68889.44,10.29
12/7/10,11359.16,1223.75,69065.34,10.33
12/8/10,11372.48,1228.28,69025.52,10.35
12/9/10,11370.06,1233,69419.48,10.42
12/10/10,11410.32,1240.4,70154,10.54
12/13/10,11428.56,1240.46,69894.15,10.49
12/14/10,11476.54,1241.59,69825.53,10.48
12/15/10,11457.47,1235.23,69362.61,10.42
12/16/10,11499.25,1242.87,70004.59,10.52
12/17/10,11491.91,1243.91,70281.21,10.52
12/20/10,11478.13,1247.08,70668.79,10.56
12/21/10,11533.16,1254.6,71545.52,10.68
12/22/10,11559.49,1258.84,71918.97,10.74
12/23/10,11573.49,1256.77,71680.84,10.71
12/27/10,11555.03,1257.54,72031.35,10.74
12/28/10,11575.54,1258.51,71880.19,10.72
12/29/10,11585.38,1259.78,72009.03,10.74
12/30/10,11569.71,1257.88,72037.23,10.73
12/31/10,11577.51,1257.64,71541.62,10.68
1/3/11,11670.75,1271.87,72933.18,10.88
1/4/11,11691.18,1270.2,71820.91,10.73
1/5/11,11722.89,1276.56,72548.86,10.83
1/6/11,11697.31,1273.85,72128.57,10.79
1/7/11,11674.76,1271.5,71851.14,10.73
1/10/11,11637.45,1269.75,72095.56,10.77
1/11/11,11671.88,1274.48,72278.37,10.83
1/12/11,11755.44,1285.96,72913.41,10.92
1/13/11,11731.9,1283.76,72687.26,10.89
1/14/11,11787.38,1293.24,73363.98,10.99
1/18/11,11837.93,1295.02,73533.01,10.99
1/19/11,11825.29,1281.92,71787.74,10.74
1/20/11,11822.8,1280.26,71246.75,10.66
1/21/11,11871.84,1283.35,71002.68,10.61
1/24/11,11980.52,1290.84,71667.76,10.7
1/25/11,11977.19,1291.18,71810.08,10.72
1/26/11,11985.44,1296.63,72703.1,10.89
1/27/11,11989.83,1299.54,73046.68,10.93
1/28/11,11823.7,1276.34,71245.73,10.66
1/31/11,11891.93,1286.12,71763,10.72
2/1/11,12040.16,1307.59,73319.18,10.97
2/2/11,12041.97,1304.03,73024.39,10.92
2/3/11,12062.26,1307.1,73295.82,10.95
2/4/11,12092.15,1310.87,73229.28,10.97
2/7/11,12161.63,1319.05,74054.58,11.09
2/8/11,12233.15,1324.57,74475.29,11.15
2/9/11,12239.89,1320.88,74128.79,11.11
2/10/11,12229.29,1321.87,74233.89,11.14
2/11/11,12273.26,1329.15,75029.56,11.26
2/14/11,12268.19,1332.32,75288.01,11.31
2/15/11,12226.64,1328.01,74872.49,11.24
2/16/11,12288.17,1336.32,75718.21,11.38
2/17/11,12318.14,1340.43,76230.93,11.47
2/18/11,12391.25,1343.01,76133.86,11.47
2/22/11,12212.79,1315.44,74223.37,11.16
2/23/11,12105.78,1307.4,73145.01,10.99
2/24/11,12068.5,1306.1,73209.51,11.02
2/25/11,12130.45,1319.88,74897.85,11.27
2/28/11,12226.34,1327.22,75155.59,11.29
3/1/11,12058.02,1306.33,73822.14,11.08
3/2/11,12066.8,1308.44,74040.37,11.13
3/3/11,12258.2,1330.97,75549.53,11.38
3/4/11,12169.88,1321.15,75048.7,11.29
3/7/11,12090.03,1310.13,74045.05,11.12
3/8/11,12214.38,1321.82,75145.54,11.3
3/9/11,12213.09,1320.02,74912.71,11.29
3/10/11,11984.61,1295.11,73043.93,11
3/11/11,12044.4,1304.28,73433.87,11.05
3/14/11,11993.16,1296.39,72951.92,10.98
3/15/11,11855.42,1281.87,72380.95,10.87
3/16/11,11613.3,1256.88,71433.31,10.72
3/17/11,11774.59,1273.72,71943.98,10.8
3/18/11,11858.52,1279.2,72698.67,10.91
3/21/11,12036.53,1298.38,74194.51,11.17
3/22/11,12018.63,1293.77,73821,11.11
3/23/11,12086.02,1297.54,73814.92,11.12
3/24/11,12170.56,1309.66,74398.3,11.2
3/25/11,12220.59,1313.8,75023.01,11.29
3/28/11,12197.88,1310.19,74728.62,11.24
3/29/11,12279.01,1319.44,75336.17,11.33
3/30/11,12350.61,1328.26,76216.81,11.46
3/31/11,12319.73,1325.83,76425.81,11.49
4/1/11,12376.72,1332.41,76868.11,11.56
4/4/11,12400.03,1332.87,76978.6,11.58
4/5/11,12393.9,1332.63,77291.57,11.63
4/6/11,12426.75,1335.54,77526.33,11.67
4/7/11,12409.49,1333.51,77081.18,11.63
4/8/11,12380.05,1328.17,76319.13,11.51
4/11/11,12381.11,1324.46,75701.78,11.39
4/12/11,12263.58,1314.16,74762.36,11.24
4/13/11,12270.99,1314.41,74717.86,11.24
4/14/11,12285.15,1314.52,75024.89,11.25
4/15/11,12341.83,1319.68,75712.18,11.35
4/18/11,12201.59,1305.14,74644.73,11.18
4/19/11,12266.75,1312.62,74873.9,11.2
4/20/11,12453.54,1330.36,76017.07,11.37
4/21/11,12505.99,1337.38,76553.37,11.44
4/25/11,12479.88,1335.25,76489.02,11.43
4/26/11,12595.37,1347.24,77301.32,11.56
4/27/11,12690.96,1355.66,77747.05,11.61
4/28/11,12763.31,1360.48,77990.23,11.64
4/29/11,12810.54,1363.61,78082.36,11.68
5/2/11,12807.36,1361.22,77380,11.56
5/3/11,12807.51,1356.62,76554.17,11.43
5/4/11,12723.58,1347.32,75701.06,11.3
5/5/11,12584.17,1335.1,75399.33,11.25
5/6/11,12638.74,1340.2,75583.41,11.3
5/9/11,12684.68,1346.29,76238.1,11.39
5/10/11,12760.36,1357.16,77355.5,11.55
5/11/11,12630.03,1342.08,76109.8,11.36
5/12/11,12695.92,1348.65,76635.15,11.43
5/13/11,12595.75,1337.77,75609.5,11.27
5/16/11,12548.37,1329.47,74787.12,11.13
5/17/11,12479.58,1328.98,74501.68,11.06
5/18/11,12560.18,1340.68,75533.34,11.24
5/19/11,12605.32,1343.6,75713.17,11.25
5/20/11,12512.04,1333.27,75174.28,11.16
5/23/11,12381.26,1317.37,73963.24,10.97
5/24/11,12356.21,1316.28,73781.76,10.93
5/25/11,12394.66,1320.47,74502.58,11.04
5/26/11,12402.76,1325.69,75245.64,11.14
5/27/11,12441.58,1331.1,75758.8,11.23
5/31/11,12569.79,1345.2,76759.56,11.38
6/1/11,12290.14,1314.55,74381.63,11.16
6/2/11,12248.55,1312.94,74224.68,11.12
6/3/11,12151.26,1300.16,73303.48,10.96
6/6/11,12089.96,1286.17,72213.46,10.78
6/7/11,12070.81,1284.94,72523.57,10.79
6/8/11,12048.94,1279.56,71870.85,10.69
6/9/11,12124.36,1289,72163.37,10.76
6/10/11,11951.91,1270.98,71026.48,10.6
6/13/11,11952.97,1271.83,70856.58,10.58
6/14/11,12076.11,1287.87,72291.09,10.81
6/15/11,11897.27,1265.42,71048.87,10.61
6/16/11,11961.52,1267.64,71267.42,10.63
6/17/11,12004.36,1271.5,71477.19,10.66
6/20/11,12080.38,1278.36,72119.54,10.75
6/21/11,12190.01,1295.52,73450.95,10.98
6/22/11,12109.67,1287.14,72946.42,10.9
6/23/11,12050,1283.5,72767.82,10.88
6/24/11,11934.58,1268.45,72202.14,10.77
6/27/11,12043.56,1280.1,72695.45,10.85
6/28/11,12188.69,1296.67,73737.97,11.02
6/29/11,12261.42,1307.41,74250.47,11.1
6/30/11,12414.34,1320.64,74895.73,11.22
7/1/11,12582.77,1339.67,76163.28,11.41
7/5/11,12569.87,1337.88,76082.99,11.38
7/6/11,12626.02,1339.22,76534.34,11.42
7/7/11,12719.49,1353.22,77730.3,11.6
7/8/11,12657.2,1343.8,77207.04,11.5
7/11/11,12505.76,1319.49,75454.74,11.22
7/12/11,12446.88,1313.64,75257.72,11.17
7/13/11,12491.61,1317.72,75655.69,11.26
7/14/11,12437.12,1308.87,74503.91,11.11
7/15/11,12479.73,1316.14,74989.85,11.18
7/18/11,12385.16,1305.44,73800.1,10.99
7/19/11,12587.42,1326.73,75299.82,11.22
7/20/11,12571.91,1325.84,75310.59,11.21
7/21/11,12724.41,1343.8,76160.34,11.35
7/22/11,12681.16,1345.02,76207.85,11.33
7/25/11,12592.8,1337.43,75357.62,11.22
7/26/11,12501.3,1331.94,74865.24,11.15
7/27/11,12302.55,1304.89,72800.28,10.83
7/28/11,12240.11,1300.67,72489.82,10.8
7/29/11,12143.24,1292.28,72402.86,10.79
8/1/11,12132.49,1286.94,72076.02,10.73
8/2/11,11866.62,1254.05,69758.23,10.38
8/3/11,11896.44,1260.34,70039.21,10.42
8/4/11,11383.68,1200.07,65888.28,9.8
8/5/11,11444.61,1199.38,64633.85,9.63
8/8/11,10809.85,1119.46,58721.64,8.77
8/9/11,11239.77,1172.53,62920.87,9.32
8/10/11,10719.94,1120.76,59908.24,8.83
8/11/11,11143.31,1172.64,63152.82,9.32
8/12/11,11269.02,1178.81,63046.16,9.29
8/15/11,11482.9,1204.49,65187.44,9.59
8/16/11,11405.93,1192.76,64173.81,9.42
8/17/11,11410.21,1193.89,64106.43,9.41
8/18/11,10990.58,1140.65,60532.64,8.89
8/19/11,10817.65,1123.53,59402.07,8.74
8/22/11,10854.65,1123.82,59274.38,8.71
8/23/11,11176.76,1162.35,61706.67,9.11
8/24/11,11320.71,1177.6,62694.26,9.26
8/25/11,11149.82,1159.27,61159.97,9.04
8/26/11,11284.54,1176.8,62555.16,9.26
8/29/11,11539.25,1210.08,65565.43,9.72
8/30/11,11559.95,1212.92,65798.05,9.76
8/31/11,11613.53,1218.89,65882.16,9.76
9/1/11,11493.57,1204.42,64237.68,9.52
9/2/11,11240.26,1173.97,62021.09,9.17
9/6/11,11139.3,1165.24,61792.2,9.13
9/7/11,11414.86,1198.62,64379.45,9.53
9/8/11,11295.81,1185.9,63204.57,9.33
9/9/11,10992.13,1154.23,61377.53,9.07
9/12/11,11061.12,1162.27,61814.17,9.14
9/13/11,11105.85,1172.87,62836.77,9.28
9/14/11,11246.73,1188.68,63810.56,9.45
9/15/11,11433.18,1209.11,64763.01,9.59
9/16/11,11509.09,1216.01,64817.04,9.59
9/19/11,11401.01,1204.09,63580.52,9.41
9/20/11,11408.66,1202.09,62592.4,9.23
9/21/11,11124.84,1166.76,60079.27,8.86
9/22/11,10733.83,1129.56,58168.76,8.55
9/23/11,10771.48,1136.43,58896.84,8.63
9/26/11,11043.86,1162.95,60200.14,8.86
9/27/11,11190.69,1175.38,61419.2,9.02
9/28/11,11010.9,1151.06,58892.89,8.66
9/29/11,11153.98,1160.4,60145.66,8.83
9/30/11,10913.38,1131.42,58337.99,8.57
10/3/11,10655.3,1099.23,55264.25,8.13
10/4/11,10808.71,1123.95,58456.18,8.6
10/5/11,10939.95,1144.03,59321.42,8.78
10/6/11,11123.33,1164.97,60929.75,9
10/7/11,11103.12,1155.46,59334.49,8.79
10/10/11,11433.18,1194.89,61926.22,9.17
10/11/11,11416.3,1195.54,62090.77,9.23
10/12/11,11518.85,1207.25,63220.33,9.4
10/13/11,11478.13,1203.66,62939.35,9.35
10/14/11,11644.49,1224.58,64144.9,9.54
10/17/11,11397,1200.86,62076.18,9.21
10/18/11,11577.05,1225.38,64284,9.52
10/19/11,11504.62,1209.88,63180.71,9.33
10/20/11,11541.78,1215.39,63488.31,9.39
10/21/11,11808.79,1238.25,65007.41,9.6
10/24/11,11913.62,1254.19,67007.77,9.89
10/25/11,11706.62,1229.05,65064.76,9.59
10/26/11,11869.04,1242,66263.91,9.8
10/27/11,12208.55,1284.59,69796.05,10.29
10/28/11,12231.11,1285.09,69424.95,10.23
10/31/11,11955.01,1253.3,67569.65,9.93
11/1/11,11657.96,1218.28,64987.8,9.55
11/2/11,11836.04,1237.9,66685.8,9.83
11/3/11,12044.47,1261.15,68386.31,10.07
11/4/11,11983.24,1253.23,67963.44,10.03
11/7/11,12068.39,1261.12,67903.71,10.03
11/8/11,12170.18,1275.92,68861.49,10.18
11/9/11,11780.94,1229.1,65533.63,9.7
11/10/11,11893.79,1239.69,66218,9.81
11/11/11,12153.68,1263.85,67844.44,10.04
11/14/11,12078.98,1251.78,66692.34,9.89
11/15/11,12096.16,1257.81,67467.89,9.99
11/16/11,11905.59,1236.91,66429.04,9.81
11/17/11,11770.73,1216.13,65359.35,9.64
11/18/11,11796.16,1215.65,65554.31,9.67
11/21/11,11547.31,1192.98,63915.66,9.44
11/22/11,11493.72,1188.04,63271.69,9.37
11/23/11,11257.55,1161.79,61240.11,9.07
11/25/11,11231.78,1158.67,60736.37,8.99
11/28/11,11523.01,1192.55,63259.85,9.36
11/29/11,11555.63,1195.19,63157.59,9.35
11/30/11,12045.68,1246.96,66886.77,9.9
12/1/11,12020.03,1244.58,66305.55,9.83
12/2/11,12019.42,1244.28,66733.55,9.91
12/5/11,12097.83,1257.08,67682.82,10.06
12/6/11,12150.13,1258.47,67672.93,10.04
12/7/11,12196.37,1261.01,67778.85,10.05
12/8/11,11997.7,1234.35,65569.07,9.72
12/9/11,12184.26,1255.19,67415,10.01
12/12/11,12021.39,1236.47,66287.66,9.84
12/13/11,11954.94,1225.73,65006.43,9.64
12/14/11,11823.48,1211.82,64191.54,9.53
12/15/11,11868.81,1215.75,64952.17,9.63
12/16/11,11866.39,1219.66,65560.23,9.71
12/19/11,11766.26,1205.35,64286.04,9.23
12/20/11,12103.58,1241.3,66885.23,9.62
12/21/11,12107.74,1243.72,67352.81,9.7
12/22/11,12169.65,1254,67956.99,9.79
12/23/11,12294,1265.33,68227.49,9.83
12/27/11,12291.35,1265.43,68445.9,9.85
12/28/11,12151.41,1249.64,67117.46,9.65
12/29/11,12287.04,1263.02,68100.42,9.79
12/30/11,12217.56,1257.6,67723.66,9.73
1/3/12,12397.38,1277.06,68809.59,9.91
1/4/12,12418.42,1277.3,68443.37,9.88
1/5/12,12415.7,1281.06,68931.57,9.93
1/6/12,12359.92,1277.81,68778.93,9.91
1/9/12,12392.69,1280.7,69054.01,9.93
1/10/12,12462.47,1292.08,70017.55,10.08
1/11/12,12449.45,1292.48,70373.81,10.14
1/12/12,12471.02,1295.5,70611.66,10.19
1/13/12,12422.06,1289.09,70051.22,10.08
1/17/12,12482.07,1293.67,70156.15,10.07
1/18/12,12578.95,1308.04,71412.46,10.29
1/19/12,12623.98,1314.5,71689.24,10.34
1/20/12,12720.48,1315.38,71986.52,10.38
1/23/12,12708.82,1316,71904.02,10.38
1/24/12,12675.75,1314.65,72347.95,10.44
1/25/12,12756.96,1326.05,73066.45,10.54
1/26/12,12734.63,1318.43,72769.69,10.46
1/27/12,12660.46,1316.33,73326.2,10.55
1/30/12,12653.72,1313.01,72724.9,10.45
1/31/12,12632.91,1312.41,72576.64,10.41
2/1/12,12716.46,1324.09,74081.42,10.64
2/2/12,12705.41,1325.54,74321.76,10.69
2/3/12,12862.23,1344.9,75888.54,10.95
2/6/12,12845.13,1344.33,75730.68,10.92
2/7/12,12878.2,1347.05,75639.22,10.92
2/8/12,12883.95,1349.96,75775.87,10.97
2/9/12,12890.46,1351.95,75542.22,10.95
2/10/12,12801.23,1342.64,74556.02,10.79
2/13/12,12874.04,1351.77,75604.27,10.92
2/14/12,12878.28,1350.5,75149.65,10.88
2/15/12,12780.95,1343.23,74684.7,10.81
2/16/12,12904.08,1358.04,76022.39,11.04
2/17/12,12949.87,1361.23,76043.56,11.06
2/21/12,12965.69,1362.21,75565.5,11.01
2/22/12,12938.67,1357.66,74889.46,10.91
2/23/12,12984.69,1363.46,76029.71,11.05
2/24/12,12982.95,1365.74,75747.33,11.01
2/27/12,12981.51,1367.59,75829.91,11
2/28/12,13005.12,1372.18,75587.46,10.97
2/29/12,12952.07,1365.68,74823.14,10.81
3/1/12,12980.3,1374.09,75229.68,10.88
3/2/12,12977.57,1369.63,74299.02,10.72
3/5/12,12962.81,1364.33,74325.79,10.69
3/6/12,12759.15,1343.36,72808.54,10.45
3/7/12,12837.33,1352.63,73643.81,10.58
3/8/12,12907.94,1365.91,74566.63,10.73
3/9/12,12922.02,1370.87,75448.29,10.88
3/12/12,12959.71,1371.09,75234.19,10.82
3/13/12,13177.68,1395.95,76990.15,11.09
3/14/12,13194.1,1394.28,76433.27,11
3/15/12,13252.76,1402.6,77275.99,11.14
3/16/12,13232.62,1404.17,77248.9,11.13
3/19/12,13239.13,1409.75,77787.43,11.22
3/20/12,13170.19,1405.52,77127.91,11.1
3/21/12,13124.62,1402.89,77058.38,11.08
3/22/12,13046.14,1392.78,76127.28,10.94
3/23/12,13080.73,1397.11,76710.9,11.05
3/26/12,13241.63,1416.51,77935.46,11.23
3/27/12,13197.73,1412.52,77584.45,11.15
3/28/12,13126.21,1405.54,77286.22,11.08
3/29/12,13145.82,1403.28,77137.13,11.05
3/30/12,13212.04,1408.47,77030.84,11.01
4/2/12,13264.49,1419.04,77765.69,11.12
4/3/12,13199.55,1413.38,77425.66,11.05
4/4/12,13074.75,1398.96,76253.23,10.87
4/5/12,13060.14,1398.08,75943.09,10.82
4/9/12,12929.59,1382.2,74804.05,10.64
4/10/12,12715.93,1358.59,73030.88,10.39
4/11/12,12805.39,1368.71,74160.27,10.55
4/12/12,12986.58,1387.57,75376.18,10.76
4/13/12,12849.59,1370.26,74156.15,10.56
4/16/12,12921.41,1369.57,74601.3,10.58
4/17/12,13115.54,1390.78,75718.94,10.75
4/18/12,13032.75,1385.14,75013.45,10.64
4/19/12,12964.1,1376.92,74754.29,10.59
4/20/12,13029.26,1378.53,75291.27,10.63
4/23/12,12927.17,1366.94,74269.13,10.47
4/24/12,13001.56,1371.97,75029.02,10.56
4/25/12,13090.72,1390.69,76124.09,10.73
4/26/12,13204.62,1399.98,76583.89,10.8
4/27/12,13228.31,1403.36,77178.85,10.89
4/30/12,13213.63,1397.91,76414.78,10.78
5/1/12,13279.32,1405.82,76491.02,10.79
5/2/12,13268.57,1402.31,76731.42,10.82
5/3/12,13206.59,1391.57,75692.65,10.64
5/4/12,13038.27,1369.1,74439.24,10.43
5/7/12,13008.53,1369.58,74708.33,10.46
5/8/12,12932.09,1363.72,74730.16,10.44
5/9/12,12835.06,1354.58,74428.57,10.39
5/10/12,12855.04,1357.99,74753.18,10.42
5/11/12,12820.6,1353.39,74587.73,10.38
5/14/12,12695.35,1338.35,73591.91,10.24
5/15/12,12632,1330.66,73378.43,10.2
5/16/12,12598.55,1324.8,72783.4,10.1
5/17/12,12442.49,1304.86,71007.03,9.88
5/18/12,12369.38,1295.22,70317.43,9.77
5/21/12,12504.48,1315.99,71793.97,9.99
5/22/12,12502.81,1316.63,71549.19,9.92
5/23/12,12496.15,1318.86,72004.4,10
5/24/12,12529.75,1320.68,72332.18,10.01
5/25/12,12454.83,1317.82,72229.45,10.01
5/29/12,12580.69,1332.42,73289.28,10.17
5/30/12,12419.86,1313.32,71801.7,9.95
5/31/12,12393.45,1310.33,71915.02,9.94
6/1/12,12118.57,1278.04,69661.37,9.62
6/4/12,12101.46,1278.18,69335.82,9.58
6/5/12,12127.95,1285.5,70115.12,9.68
6/6/12,12414.79,1315.13,71873,9.94
6/7/12,12460.96,1314.99,71599.68,9.88
6/8/12,12554.2,1325.66,72381.52,9.97
6/11/12,12411.23,1308.93,70748.86,9.71
6/12/12,12573.8,1324.18,71669.51,9.85
6/13/12,12496.38,1314.88,70945.07,9.72
6/14/12,12651.91,1329.1,71855.85,9.84
6/15/12,12767.17,1342.84,72590.76,9.96
6/18/12,12741.82,1344.78,72763.08,9.97
6/19/12,12837.33,1357.98,73890.81,10.17
6/20/12,12824.39,1355.69,73753.96,10.16
6/21/12,12573.57,1325.51,72006.7,9.88
6/22/12,12640.78,1335.02,72693.31,10
6/25/12,12502.66,1313.72,71538.76,9.81
6/26/12,12534.67,1319.99,71865.37,9.86
6/27/12,12627.01,1331.85,72910.89,10.01
6/28/12,12602.26,1329.04,73188.95,10.04
6/29/12,12880.09,1362.16,75090.62,10.34
7/2/12,12871.39,1365.51,75845.74,10.44
7/3/12,12943.82,1374.02,76743.92,10.58
7/5/12,12896.67,1367.58,76672.71,10.58
7/6/12,12772.47,1354.68,76044.01,10.46
7/9/12,12736.29,1352.46,75743.59,10.4
7/10/12,12653.12,1341.47,74992.99,10.29
7/11/12,12604.53,1341.45,74778.6,10.25
7/12/12,12573.27,1334.76,74578.51,10.2
7/13/12,12777.09,1356.78,75747.82,10.34
7/16/12,12727.21,1353.64,75375.62,10.27
7/17/12,12805.54,1363.67,75778.92,10.31
7/18/12,12908.7,1372.78,76001,10.38
7/19/12,12943.36,1376.51,75544.04,10.35
7/20/12,12822.57,1362.66,74746.67,10.22
7/23/12,12721.46,1350.52,73810.05,10.06
7/24/12,12617.32,1338.31,72921.67,9.91
7/25/12,12676.05,1337.89,72804.97,9.91
7/26/12,12887.93,1360.02,73614.03,10.06
7/27/12,13075.66,1385.97,75115.85,10.31
7/30/12,13073.01,1385.3,74948.38,10.27
7/31/12,13008.68,1379.32,74597.72,10.23
8/1/12,12971.06,1375.14,73552.7,10.07
8/2/12,12878.88,1365,73269.59,10.04
8/3/12,13096.17,1390.99,74922.38,10.3
8/6/12,13117.51,1394.23,75281.45,10.39
8/7/12,13168.6,1401.35,75794.5,10.5
8/8/12,13175.64,1402.22,75876.19,10.53
8/9/12,13165.19,1402.8,75980.87,10.59
8/10/12,13207.95,1405.87,75885.04,10.58
8/13/12,13169.43,1404.11,75726.99,10.56
8/14/12,13172.14,1403.93,75575.63,10.53
8/15/12,13164.78,1405.53,76130.33,10.62
8/16/12,13250.11,1415.51,76847.8,10.75
8/17/12,13275.2,1418.16,77339.64,10.84
8/20/12,13271.64,1418.13,77117.74,10.82
8/21/12,13203.58,1413.17,77120.91,10.81
8/22/12,13172.76,1413.49,76908.23,10.75
8/23/12,13057.46,1402.08,76243.88,10.65
8/24/12,13157.97,1411.13,76514.19,10.69
8/27/12,13124.67,1410.44,76512.34,10.68
8/28/12,13102.99,1409.3,76853.54,10.72
8/29/12,13107.48,1410.49,77167.87,10.76
8/30/12,13000.71,1399.48,76499.62,10.65
8/31/12,13090.84,1406.58,76731.45,10.71
9/4/12,13035.94,1404.94,77562.92,10.81
9/5/12,13047.48,1403.44,77465.19,10.81
9/6/12,13292,1432.12,78953.23,11.04
9/7/12,13306.64,1437.92,79398.49,11.14
9/10/12,13254.29,1429.08,79132.31,11.1
9/11/12,13323.36,1433.56,79422.41,11.17
9/12/12,13333.35,1436.56,79823.79,11.23
9/13/12,13539.86,1459.99,80830.32,11.39
9/14/12,13593.37,1465.77,81655.76,11.54
9/17/12,13553.1,1461.19,80892.6,11.41
9/18/12,13564.64,1459.32,80613.41,11.36
9/19/12,13577.96,1461.05,80764.63,11.39
9/20/12,13596.93,1460.26,80259.8,11.34
9/21/12,13579.47,1460.15,80496,11.37
9/24/12,13558.92,1456.89,80351.53,11.33
9/25/12,13457.55,1441.59,79121.05,11.14
9/26/12,13413.51,1433.32,78735.67,11.06
9/27/12,13485.97,1447.15,79406.24,11.2
9/28/12,13437.13,1440.67,78910.69,11.1
10/1/12,13515.11,1444.49,78989.06,11.15
10/2/12,13482.36,1445.75,79191.07,11.18
10/3/12,13494.61,1450.99,79151.06,11.16
10/4/12,13575.36,1461.4,79824.14,11.28
10/5/12,13610.15,1460.93,79869.27,11.3
10/8/12,13583.65,1455.88,79596.39,11.24
10/9/12,13473.53,1441.48,78854.16,11.11
10/10/12,13344.97,1432.56,78740.6,11.07
10/11/12,13326.39,1432.84,79112.53,11.12
10/12/12,13328.85,1428.59,78357.2,11.02
10/15/12,13424.23,1440.13,78903.65,11.1
10/16/12,13551.78,1454.92,79461.69,11.21
10/17/12,13557,1460.91,80397,11.33
10/18/12,13548.94,1457.34,80301.73,11.28
10/19/12,13343.51,1433.19,79187.22,11.09
10/22/12,13345.89,1433.82,79117.34,11.09
10/23/12,13102.53,1413.11,78683.02,10.99
10/24/12,13077.34,1408.75,78491.92,10.98
10/25/12,13103.68,1412.97,78688.82,11
10/26/12,13107.21,1411.94,78278.97,10.96
10/31/12,13096.46,1412.16,78778.54,11.02
11/1/12,13232.62,1427.59,79846.17,11.2
11/2/12,13093.16,1414.2,78879.53,11.04
11/5/12,13112.44,1417.26,79227.16,11.12
11/6/12,13245.68,1428.39,79959.82,11.24
11/7/12,12932.73,1394.53,77878.29,10.93
11/8/12,12811.32,1377.51,76885.96,10.78
11/9/12,12815.39,1379.85,76960.88,10.8
11/12/12,12815.08,1380.03,76885.98,10.77
11/13/12,12756.18,1374.53,76458.87,10.72
11/14/12,12570.95,1355.49,74922.8,10.51
11/15/12,12542.38,1353.33,74604.53,10.46
11/16/12,12588.31,1359.88,75407.65,10.54
11/19/12,12795.96,1386.89,76839.97,10.77
11/20/12,12788.51,1387.81,77042.31,10.79
11/21/12,12836.89,1391.03,77434.92,10.86
11/23/12,13009.68,1409.15,78312.57,10.99
11/26/12,12967.37,1406.29,78490.46,11
11/27/12,12878.13,1398.94,78284.64,10.98
11/28/12,12985.11,1409.93,78731.27,11.07
11/29/12,13021.82,1415.95,79465.75,11.18
11/30/12,13025.58,1416.18,79520.35,11.19
12/3/12,12965.6,1409.46,79478.95,11.15
12/4/12,12951.78,1407.05,79612.09,11.17
12/5/12,13034.49,1409.28,79579.47,11.15
12/6/12,13074.04,1413.94,79671.16,11.17
12/7/12,13155.13,1418.07,79822.2,11.19
12/10/12,13169.88,1418.55,80266.25,11.25
12/11/12,13248.44,1427.84,80775.7,11.34
12/12/12,13245.45,1428.48,80419.88,11.3
12/13/12,13170.72,1419.45,79910.57,11.23
12/14/12,13135.01,1413.58,79852.62,11.24
12/17/12,13235.39,1430.36,80893.19,11.39
12/18/12,13350.96,1446.79,82035.3,11.56
12/19/12,13251.97,1435.81,82081.96,11.29
12/20/12,13311.72,1443.69,82694.48,11.35
12/21/12,13190.84,1430.15,82192.11,11.26
12/24/12,13139.08,1426.66,81922.86,11.22
12/26/12,13114.59,1419.83,81455.74,11.14
12/27/12,13096.31,1418.1,81377.25,11.12
12/28/12,12938.11,1402.43,80822.97,11.03
12/31/12,13104.14,1426.19,82295.02,11.27
1/2/13,13412.55,1462.42,84512.57,11.58
1/3/13,13391.36,1459.37,84625.66,11.58
1/4/13,13435.21,1466.47,85301.25,11.68
1/7/13,13384.29,1461.89,84930.45,11.6
1/8/13,13328.85,1457.15,84702.66,11.58
1/9/13,13390.51,1461.02,85020.86,11.62
1/10/13,13471.22,1472.12,85141.54,11.67
1/11/13,13488.43,1472.05,85039.53,11.66
1/14/13,13507.32,1470.68,85096.18,11.64
1/15/13,13534.89,1472.34,85467.05,11.7
1/16/13,13511.23,1472.63,85294.29,11.69
1/17/13,13596.02,1480.94,86109.3,11.81
1/18/13,13649.7,1485.98,86357.74,11.84
1/22/13,13712.21,1492.56,87039.99,11.94
1/23/13,13779.33,1494.81,86812.32,11.93
1/24/13,13825.33,1494.82,87075.55,11.97
1/25/13,13895.98,1502.96,87555.72,12.03
1/28/13,13881.93,1500.18,87662.38,12.05
1/29/13,13954.42,1507.84,87900.42,12.08
1/30/13,13910.42,1501.96,87124.01,11.95
1/31/13,13860.58,1498.11,87527.77,12.03
2/1/13,14009.79,1513.17,88384.38,12.15
2/4/13,13880.08,1495.71,87379.32,11.97
2/5/13,13979.3,1511.29,88067.66,12.1
2/6/13,13986.52,1512.12,88396.28,12.16
2/7/13,13944.05,1509.39,88241.95,12.16
2/8/13,13992.97,1517.93,88729.7,12.24
2/11/13,13971.24,1517.01,88742.41,12.24
2/12/13,14018.7,1519.43,89376.12,12.32
2/13/13,13982.91,1520.33,89691.01,12.37
2/14/13,13973.39,1521.38,89809.98,12.43
2/15/13,13981.76,1519.79,89806.34,12.42
2/19/13,14035.67,1530.94,90516.09,12.54
2/20/13,13927.54,1511.95,88786.56,12.23
2/21/13,13880.62,1502.42,88071.3,12.13
2/22/13,14000.57,1515.6,89035.93,12.25
2/25/13,13784.17,1487.85,87104.64,11.95
2/26/13,13900.13,1496.94,87825.39,12.04
2/27/13,14075.37,1515.99,88870.67,12.19
2/28/13,14054.49,1514.68,88977.39,12.18
3/1/13,14089.66,1518.2,89009.69,12.19
3/4/13,14127.82,1525.2,89205.84,12.22
3/5/13,14253.77,1539.79,90280,12.38
3/6/13,14296.24,1541.46,90392.86,12.43
3/7/13,14329.49,1544.26,90751.1,12.5
3/8/13,14397.07,1551.18,91430.11,12.61
3/11/13,14447.29,1556.22,91514.03,12.63
3/12/13,14450.06,1552.48,91259.84,12.62
3/13/13,14455.28,1554.52,91676.35,12.67
3/14/13,14539.14,1563.23,92514.57,12.81
3/15/13,14514.11,1560.7,92633.02,12.8
3/18/13,14452.06,1552.1,92256.96,12.74
3/19/13,14455.82,1548.34,92002.47,12.71
3/20/13,14511.73,1558.71,92853.15,12.84
3/21/13,14421.49,1545.8,92068.04,12.72
3/22/13,14512.03,1556.89,92302.3,12.73
3/25/13,14447.75,1551.69,92180.39,12.72
3/26/13,14559.65,1563.77,92669.28,12.76
3/27/13,14526.16,1562.85,92683.73,12.76
3/28/13,14578.54,1569.19,92910.1,12.78
4/1/13,14572.85,1562.17,91961.22,12.61
4/2/13,14662.01,1570.25,91589.92,12.51
4/3/13,14550.35,1553.69,90306.41,12.3
4/4/13,14606.11,1559.98,91012.98,12.38
4/5/13,14565.25,1553.28,90934.71,12.36
4/8/13,14613.48,1563.07,91770.87,12.47
4/9/13,14673.46,1568.61,91536.69,12.47
4/10/13,14802.24,1587.73,92854.18,12.67
4/11/13,14865.14,1593.37,93127.53,12.69
4/12/13,14865.06,1588.85,92702.82,12.61
4/15/13,14599.2,1552.36,89491.38,12.1
4/16/13,14756.78,1574.57,90905.82,12.3
4/17/13,14618.59,1552.01,89389.54,12.05
4/18/13,14537.14,1541.61,88979.29,11.99
4/19/13,14547.51,1555.25,90029.31,12.12
4/22/13,14567.17,1562.5,90247.76,12.15
4/23/13,14719.46,1578.78,91372.68,12.36
4/24/13,14676.3,1578.79,92021.63,12.49
4/25/13,14700.8,1585.16,92357.82,12.56
4/26/13,14712.55,1582.24,91804.39,12.47
4/29/13,14818.75,1593.61,92480.92,12.56
4/30/13,14839.8,1597.57,93054.28,12.63
5/1/13,14700.95,1582.7,91035.31,12.33
5/2/13,14831.58,1597.59,92222.58,12.55
5/3/13,14973.96,1614.42,93511.37,12.77
5/6/13,14968.89,1617.5,94049.08,12.89
5/7/13,15056.2,1625.96,94988.79,13
5/8/13,15105.12,1632.69,95390.91,13.04
5/9/13,15082.62,1626.67,94855.54,12.99
5/10/13,15118.49,1633.7,95343.17,13.08
5/13/13,15091.68,1633.77,95138.04,13.04
5/14/13,15215.25,1650.34,96191.19,13.2
5/15/13,15275.69,1658.78,96753.8,13.26
5/16/13,15233.22,1650.47,96279.06,13.18
5/17/13,15354.4,1667.47,97370.74,13.35
5/20/13,15335.28,1666.29,97632.84,13.41
5/21/13,15387.58,1669.16,97811.44,13.4
5/22/13,15307.17,1655.35,96098.91,13.19
5/23/13,15294.5,1650.51,96068.17,13.22
5/24/13,15303.1,1649.6,96132.97,13.2
5/28/13,15409.39,1660.06,97164.33,13.38
5/29/13,15302.8,1648.36,95818.79,13.3
5/30/13,15324.53,1654.41,96036.9,13.41
5/31/13,15115.57,1630.74,95179.71,13.28
6/3/13,15254.03,1640.42,95548.95,13.36
6/4/13,15177.54,1631.38,94681.37,13.24
6/5/13,14960.59,1608.9,93262.88,13.05
6/6/13,15040.62,1622.56,94352.89,13.2
6/7/13,15248.12,1643.38,95027.05,13.33
6/10/13,15238.59,1642.81,95303.21,13.41
6/11/13,15122.02,1626.13,94013.28,13.24
6/12/13,14995.23,1612.52,93114.07,13.13
6/13/13,15176.08,1636.36,94952.95,13.38
6/14/13,15070.18,1626.73,94322.36,13.25
6/17/13,15179.85,1639.04,94776.49,13.34
6/18/13,15318.23,1651.81,95824.05,13.48
6/19/13,15112.19,1628.93,94334.3,13.32
6/20/13,14758.32,1588.19,91869.07,13.02
6/21/13,14799.4,1592.43,92089.15,13.02
6/24/13,14659.56,1573.09,90967.9,12.83
6/25/13,14760.31,1588.03,92239.84,12.99
6/26/13,14910.14,1603.26,92601.1,13.03
6/27/13,15024.49,1613.2,94234.57,13.23
6/28/13,14909.6,1606.28,94077.3,13.21
7/1/13,14974.96,1614.96,95222.51,13.39
7/2/13,14932.41,1614.08,95339.49,13.36
7/3/13,14988.55,1615.41,95313.28,13.37
7/5/13,15135.84,1631.89,96458.04,13.59
7/8/13,15224.69,1640.46,96821.64,13.62
7/9/13,15300.34,1652.32,97877.07,13.76
7/10/13,15291.66,1652.62,97869.73,13.76
7/11/13,15460.92,1675.02,99041.27,13.92
7/12/13,15464.3,1680.19,99268.19,13.98
7/15/13,15484.26,1682.5,99837.36,14.05
7/16/13,15451.85,1676.26,99426.64,13.98
7/17/13,15470.52,1680.91,99817.42,14.03
7/18/13,15548.54,1689.37,100827.99,14.14
7/19/13,15543.74,1692.09,100866.64,14.15
7/22/13,15545.55,1695.53,101268.93,14.21
7/23/13,15567.74,1692.39,101246.49,14.2
7/24/13,15542.24,1685.94,100400.28,14.12
7/25/13,15555.61,1690.25,100828.1,14.22
7/26/13,15558.83,1691.65,100489.26,14.14
7/29/13,15521.97,1685.33,99790.08,14.03
7/30/13,15520.59,1685.96,100104.9,14.08
7/31/13,15499.54,1685.73,100064.27,14.14
8/1/13,15628.02,1706.87,101362.4,14.36
8/2/13,15658.36,1709.67,101278.84,14.34
8/5/13,15612.13,1707.14,101413.09,14.37
8/6/13,15518.74,1697.37,100396.65,14.21
8/7/13,15470.67,1690.91,99714.25,14.1
8/8/13,15498.32,1697.48,100128.49,14.17
8/9/13,15425.51,1691.42,100113.71,14.14
8/12/13,15419.68,1689.47,100330.91,14.2
8/13/13,15451.01,1694.16,99956.15,14.19
8/14/13,15337.66,1685.39,99612.7,14.13
8/15/13,15112.19,1661.32,97916.61,13.9
8/16/13,15081.47,1655.83,97413.79,13.88
8/19/13,15010.74,1646.06,96326.06,13.72
8/20/13,15002.99,1652.35,97826.45,13.9
8/21/13,14897.55,1642.8,97046.58,13.79
8/22/13,14963.74,1656.96,98294.5,14
8/23/13,15010.51,1663.5,98479.51,14.01
8/26/13,14946.46,1656.78,98254.96,14
8/27/13,14776.13,1630.48,96186.89,13.63
8/28/13,14824.51,1634.96,96255.86,13.69
8/29/13,14840.95,1638.17,96845.33,13.8
8/30/13,14810.31,1632.97,95403.41,13.57
9/3/13,14833.96,1639.77,95415.3,13.65
9/4/13,14930.87,1653.08,96156.38,13.76
9/5/13,14937.48,1655.08,96313.4,13.82
9/6/13,14922.5,1655.17,96598.13,13.81
9/9/13,15063.12,1671.71,98010.72,14
9/10/13,15191.06,1683.99,98723.69,14.13
9/11/13,15326.6,1689.13,98826.15,14.16
9/12/13,15300.64,1683.42,98256.04,14.06
9/13/13,15376.06,1687.99,98672.86,14.14
9/16/13,15494.78,1697.6,99093.62,14.19
9/17/13,15529.73,1704.76,99810.42,14.3
9/18/13,15676.94,1725.52,101073.95,14.4
9/19/13,15636.55,1722.34,100831.98,14.36
9/20/13,15451.09,1709.91,100490.65,14.31
9/23/13,15401.38,1701.84,100319.88,14.27
9/24/13,15334.59,1697.42,100482.7,14.33
9/25/13,15273.26,1692.77,100547,14.35
9/26/13,15328.3,1698.67,100897.37,14.38
9/27/13,15258.24,1691.75,100562.38,14.32
9/30/13,15129.67,1681.55,100498.86,14.32
10/1/13,15191.7,1695,101751.32,14.5
10/2/13,15133.14,1693.87,101274.39,14.44
10/3/13,14996.48,1678.66,100295.21,14.3
10/4/13,15072.58,1690.5,100821.15,14.41
10/7/13,14936.24,1676.12,99885.49,14.23
10/8/13,14776.53,1655.45,98740.88,14.04
10/9/13,14802.98,1656.4,98650.29,14.02
10/10/13,15126.07,1692.56,100952.39,14.35
10/11/13,15237.11,1703.2,102341.02,14.55
10/14/13,15301.26,1710.14,102764.92,14.63
10/15/13,15168.01,1698.06,101927.7,14.51
10/16/13,15373.83,1721.54,103006.66,14.67
10/17/13,15371.65,1733.15,104067.92,14.79
10/18/13,15399.65,1744.5,104901.64,14.95
10/21/13,15392.2,1744.66,104844.4,14.95
10/22/13,15467.66,1754.67,105427.19,15.01
10/23/13,15413.33,1746.38,105200.58,14.9
10/24/13,15509.21,1752.07,105718.7,14.98
10/25/13,15570.28,1759.77,106130.3,15
10/28/13,15568.93,1762.11,106125.06,15.01
10/29/13,15680.35,1771.95,106332.14,15.08
10/30/13,15618.76,1763.31,105520.83,14.93
10/31/13,15545.75,1756.54,105050.12,14.86
11/1/13,15615.55,1761.64,105030.4,14.85
11/4/13,15639.12,1767.93,106002.03,15.04
11/5/13,15618.22,1762.97,105309.38,14.98
11/6/13,15746.88,1770.49,105095.3,14.95
11/7/13,15593.98,1747.15,103470.2,14.69
11/8/13,15761.78,1770.61,104956.24,14.98
11/11/13,15783.1,1771.89,104970.67,15.02
11/12/13,15750.67,1767.69,104786.21,15.01
11/13/13,15821.63,1782,105708.21,15.17
11/14/13,15876.22,1790.62,106037.72,15.21
11/15/13,15961.7,1798.18,106314.51,15.25
11/18/13,15976.02,1791.53,105759.42,15.14
11/19/13,15967.03,1787.87,105204.22,15.04
11/20/13,15900.82,1781.37,105006.84,15.03
11/21/13,16009.99,1795.85,106438.68,15.25
11/22/13,16064.77,1804.76,106817.11,15.32
11/25/13,16072.54,1802.48,106832.38,15.32
11/26/13,16072.8,1802.75,107225.35,15.42
11/27/13,16097.33,1807.23,107861.62,15.51
11/29/13,16086.41,1805.81,107825.02,15.54
12/2/13,16008.77,1800.9,106843.55,15.39
12/3/13,15914.62,1795.15,106436.77,15.33
12/4/13,15889.77,1792.81,106281.12,15.3
12/5/13,15821.51,1785.03,106271.98,15.3
12/6/13,16020.2,1805.09,107291.34,15.43
12/9/13,16025.53,1808.37,107366.69,15.42
12/10/13,15973.13,1802.62,106624.42,15.32
12/11/13,15843.53,1782.22,104966.03,15.1
12/12/13,15739.43,1775.5,105079.27,15.1
12/13/13,15755.36,1775.32,105416.26,15.16
12/16/13,15884.57,1786.54,106447.26,15.32
12/17/13,15875.26,1781,106435.02,15.3
12/18/13,16167.97,1810.65,107939.19,14.68
12/19/13,16179.08,1809.6,107049.46,14.62
12/20/13,16221.14,1818.32,108479.32,14.85
12/23/13,16294.61,1827.99,109385.47,15
12/24/13,16357.55,1833.32,109839,15.08
12/26/13,16479.88,1842.02,109890.25,15.09
12/27/13,16478.41,1841.4,109971.47,15.09
12/30/13,16504.29,1841.07,109961.54,15.08
12/31/13,16576.66,1848.36,110109.6,15.13
1/2/14,16441.35,1831.98,109003.72,14.96
1/3/14,16469.99,1831.37,109544.01,15
1/6/14,16425.1,1826.77,108823.95,14.88
1/7/14,16530.94,1837.88,109600.32,14.98
1/8/14,16462.74,1837.49,109388.01,14.97
1/9/14,16444.76,1838.13,109502.26,14.95
1/10/14,16437.05,1842.37,110084.97,15
1/13/14,16257.94,1819.2,108746.42,14.79
1/14/14,16373.86,1838.88,109863.97,14.96
1/15/14,16481.94,1848.38,110512.9,15.06
1/16/14,16417.01,1845.89,110399.87,15.05
1/17/14,16458.56,1838.7,110112.62,14.98
1/21/14,16414.44,1843.8,110749.63,15.06
1/22/14,16373.34,1844.86,111121.01,15.14
1/23/14,16197.35,1828.46,110402.54,15
1/24/14,15879.11,1790.29,107966.11,14.6
1/27/14,15837.88,1781.56,106820.87,14.45
1/28/14,15928.56,1792.5,107527.22,14.57
1/29/14,15738.79,1774.2,106230.1,14.39
1/30/14,15848.61,1794.19,107606.93,14.56
1/31/14,15698.85,1782.59,107026.05,14.43
2/3/14,15372.8,1741.89,103696.21,13.98
2/4/14,15445.24,1755.2,104637.84,14.1
2/5/14,15440.23,1751.64,104038.65,14.01
2/6/14,15628.53,1773.43,105136.11,14.17
2/7/14,15794.08,1797.02,105946.42,14.27
2/10/14,15801.79,1799.84,106136.66,14.29
2/11/14,15994.77,1819.75,107157.54,14.42
2/12/14,15963.94,1819.26,107540.66,14.48
2/13/14,16027.59,1829.83,108630.16,14.66
2/14/14,16154.39,1838.63,109080.29,14.71
2/18/14,16130.4,1840.76,109807.37,14.83
2/19/14,16040.56,1828.75,108754.11,14.68
2/20/14,16133.23,1839.78,109649.15,14.84
2/21/14,16103.3,1836.25,109887.79,14.85
2/24/14,16207.14,1847.61,110523.63,14.98
2/25/14,16179.66,1845.12,110410.08,14.96
2/26/14,16198.41,1845.16,111136.63,15.06
2/27/14,16272.65,1854.29,111630.42,15.17
2/28/14,16321.71,1859.45,112015.46,15.19
3/3/14,16168.03,1845.73,111421.23,15.09
3/4/14,16395.88,1873.91,113711.41,15.46
3/5/14,16360.18,1873.81,113408.71,15.44
3/6/14,16421.89,1877.03,113605.43,15.5
3/7/14,16452.72,1878.04,113565.25,15.51
3/10/14,16418.68,1877.17,113294.9,15.47
3/11/14,16351.25,1867.63,112509.91,15.29
3/12/14,16340.08,1868.2,112868.22,15.34
3/13/14,16108.89,1846.34,111897.21,15.14
3/14/14,16065.67,1841.13,112225.72,15.2
3/17/14,16247.22,1858.83,112929.32,15.29
3/18/14,16336.19,1872.25,113990.81,15.5
3/19/14,16222.17,1860.77,113082.43,15.43
3/20/14,16331.05,1872.01,113532.18,15.51
3/21/14,16302.77,1866.52,113742.15,15.52
3/24/14,16276.69,1857.44,112917.08,15.4
3/25/14,16367.88,1865.62,113072.92,15.42
3/26/14,16268.99,1852.56,111521.4,15.17
3/27/14,16264.23,1849.04,111181.46,15.09
3/28/14,16323.06,1857.62,111604.2,15.18
3/31/14,16457.66,1872.34,113334.98,15.46
4/1/14,16532.61,1885.52,114507.92,15.63
4/2/14,16573,1890.9,114846.3,15.72
4/3/14,16572.55,1888.77,114466.74,15.64
4/4/14,16412.71,1865.09,112652.93,15.34
4/7/14,16245.87,1845.04,111283.85,15.09
4/8/14,16256.14,1851.96,111905.42,15.21
4/9/14,16437.18,1872.18,112659.08,15.37
4/10/14,16170.22,1833.08,110420.63,15.01
4/11/14,16026.75,1815.69,109177.73,14.83
4/14/14,16173.24,1830.61,109716.47,14.9
4/15/14,16262.56,1842.98,110193.36,14.96
4/16/14,16424.85,1862.31,111229.99,15.11
4/17/14,16408.54,1864.85,111661.25,15.2
4/21/14,16449.25,1871.89,111883.71,15.26
4/22/14,16514.37,1879.55,112750.75,15.39
4/23/14,16501.65,1875.39,112384.06,15.35
4/24/14,16501.65,1878.61,112210.91,15.32
4/25/14,16361.46,1863.4,110948.06,15.09
4/28/14,16448.74,1869.43,110710.11,14.99
4/29/14,16535.37,1878.33,110803.83,15.04
4/30/14,16580.84,1883.95,111423.56,15.13
5/1/14,16558.87,1883.68,111286.82,15.1
5/2/14,16512.89,1881.14,111621.04,15.17
5/5/14,16530.55,1884.66,111357.19,15.11
5/6/14,16401.02,1867.72,110160.98,14.91
5/7/14,16518.54,1878.21,110919.65,14.97
5/8/14,16550.97,1875.63,110268.39,14.83
5/9/14,16583.34,1878.48,110795.29,14.92
5/12/14,16695.47,1896.65,112730.38,15.25
5/13/14,16715.44,1897.45,111836.64,15.14
5/14/14,16613.97,1888.53,110417.12,14.88
5/15/14,16446.81,1870.85,109611.58,14.75
5/16/14,16491.31,1877.86,110222.45,14.82
5/19/14,16511.86,1885.08,110986.25,14.97
5/20/14,16374.31,1872.83,109665.98,14.77
5/21/14,16533.06,1888.03,110010.18,14.86
5/22/14,16543.08,1892.49,110656.53,14.96
5/23/14,16606.27,1900.53,111652.67,15.07
5/27/14,16675.5,1911.91,112791.16,15.22
5/28/14,16633.18,1909.78,112373.1,15.18
5/29/14,16698.74,1920.03,112682.68,15.23
5/30/14,16717.17,1923.57,112466.73,15.18
6/2/14,16743.63,1924.97,112469.6,15.15
6/3/14,16722.34,1924.24,112242.35,15.12
6/4/14,16737.53,1927.88,112808.35,15.2
6/5/14,16836.11,1940.46,114691.22,15.44
6/6/14,16924.28,1949.44,115438.68,15.58
6/9/14,16943.1,1951.27,116099.82,15.71
6/10/14,16945.92,1950.79,115751,15.67
6/11/14,16843.88,1943.89,115100.87,15.57
6/12/14,16734.19,1930.11,114531.17,15.48
6/13/14,16775.74,1936.16,114749.09,15.5
6/16/14,16781.01,1937.78,114740.51,15.5
6/17/14,16808.49,1941.99,115590.24,15.64
6/18/14,16906.62,1956.98,116289.46,15.7
6/19/14,16921.46,1959.48,116496.93,15.71
6/20/14,16947.08,1962.87,116825.22,15.74
6/23/14,16937.26,1962.61,116483.09,15.7
6/24/14,16818.13,1949.98,115669.64,15.53
6/25/14,16867.51,1959.53,116423.63,15.67
6/26/14,16846.13,1957.22,116339.27,15.65
6/27/14,16851.84,1960.96,117137.63,15.73
6/30/14,16826.6,1960.23,117402.37,15.81
7/1/14,16956.07,1973.32,118448.58,15.98
7/2/14,16976.24,1974.62,117919.67,15.92
7/3/14,17068.26,1985.44,118559.77,16.05
7/7/14,17024.21,1977.65,117315.95,15.81
7/8/14,16906.62,1963.71,116598.89,15.66
7/9/14,16985.61,1972.83,116722.9,15.69
7/10/14,16915.07,1964.68,116021.67,15.53
7/11/14,16943.81,1967.57,115819.53,15.5
7/14/14,17055.42,1977.1,116322.08,15.58
7/15/14,17060.68,1973.28,115808.29,15.46
7/16/14,17138.2,1981.57,115653.83,15.48
7/17/14,16976.81,1958.12,114269.24,15.27
7/18/14,17100.18,1978.22,115658.65,15.47
7/21/14,17051.73,1973.63,115073.36,15.41
7/22/14,17113.54,1983.53,115746.42,15.52
7/23/14,17086.63,1987.01,115673.59,15.5
7/24/14,17083.8,1987.98,115496.81,15.46
7/25/14,16960.57,1978.34,114593.37,15.34
7/28/14,16982.59,1978.91,114329.33,15.27
7/29/14,16912.11,1969.95,113936.54,15.25
7/30/14,16880.36,1970.07,114020.4,15.29
7/31/14,16563.3,1930.67,111843.69,14.97
8/1/14,16493.37,1925.15,111433.85,14.92
8/4/14,16569.28,1938.99,112025.82,15.03
8/5/14,16429.47,1920.21,111658.86,14.98
8/6/14,16443.34,1920.24,111965.83,15.06
8/7/14,16368.27,1909.57,111664.77,14.96
8/8/14,16553.93,1931.59,112742.31,15.11
8/11/14,16569.98,1936.92,113465.87,15.23
8/12/14,16560.54,1933.75,112933.81,15.14
8/13/14,16651.8,1946.72,113831.09,15.23
8/14/14,16713.58,1955.18,114134.83,15.27
8/15/14,16662.91,1955.06,113955.8,15.25
8/18/14,16838.74,1971.74,115484.97,15.46
8/19/14,16919.59,1981.6,115945.76,15.52
8/20/14,16979.13,1986.51,115905.71,15.49
8/21/14,17039.49,1992.37,116256.11,15.56
8/22/14,17001.22,1988.4,116118.52,15.56
8/25/14,17076.87,1997.92,116379.15,15.61
8/26/14,17106.7,2000.02,116916.34,15.7
8/27/14,17122.01,2000.12,116799.37,15.68
8/28/14,17079.57,1996.74,116341.52,15.61
8/29/14,17098.45,2003.37,116953.73,15.7
9/2/14,17067.56,2002.28,117421.04,15.76
9/3/14,17078.28,2000.72,117019.16,15.68
9/4/14,17069.58,1997.65,116735.56,15.61
9/5/14,17137.36,2007.71,117202.81,15.64
9/8/14,17111.42,2001.54,117165.92,15.61
9/9/14,17013.87,1988.44,116036.3,15.46
9/10/14,17068.71,1995.69,116094.35,15.51
9/11/14,17049,1997.45,116683.7,15.61
9/12/14,16987.51,1985.54,115312.47,15.49
9/15/14,17031.14,1984.13,114475.05,15.37
9/16/14,17131.97,1998.98,115008.29,15.43
9/17/14,17156.85,2001.57,115140.58,15.45
9/18/14,17265.99,2011.36,115449.2,15.52
9/19/14,17279.74,2010.4,114646.4,15.35
9/22/14,17172.68,1994.29,113114.3,15.12
9/23/14,17055.87,1982.77,112044.31,14.98
9/24/14,17210.06,1998.3,112510.39,15.05
9/25/14,16945.8,1965.99,111146.09,14.81
9/26/14,17113.15,1982.85,112034.1,14.92
9/29/14,17071.22,1977.8,111819.04,14.87
9/30/14,17042.9,1972.29,110601.5,14.68
10/1/14,16804.71,1946.16,109462.14,14.45
10/2/14,16801.05,1946.17,109975.59,14.54
10/3/14,17009.69,1967.9,110694,14.61
10/6/14,16991.91,1964.82,110220.43,14.51
10/7/14,16719.39,1935.1,108774.57,14.27
10/8/14,16994.22,1968.89,110763.6,14.48
10/9/14,16659.25,1928.21,108319.48,14.06
10/10/14,16544.1,1906.13,107138.14,13.84
10/13/14,16321.07,1874.74,106814.46,13.73
10/14/14,16315.19,1877.7,108062.12,13.86
10/15/14,16141.74,1862.49,108112.04,13.95
10/16/14,16117.24,1862.76,109310.72,14.13
10/17/14,16380.41,1886.76,109488.23,14.11
10/20/14,16399.67,1904.01,110701.3,14.24
10/21/14,16614.81,1941.28,112652.05,14.53
10/22/14,16461.32,1927.11,111589.3,14.32
10/23/14,16677.9,1950.82,113138.67,14.56
10/24/14,16805.41,1964.58,113334.86,14.6
10/27/14,16817.94,1961.63,113339.65,14.53
10/28/14,17005.75,1985.05,115638.13,14.94
10/29/14,16974.31,1982.3,115373.8,14.94
10/30/14,17195.42,1994.65,115916.4,14.99
10/31/14,17390.52,2018.05,117502.47,15.24
11/3/14,17366.24,2017.81,117504.35,15.19
11/4/14,17383.84,2012.1,117038.05,15.09
11/5/14,17484.53,2023.57,117335.76,15.16
11/6/14,17554.47,2031.21,117606.32,15.23
11/7/14,17573.93,2031.92,117828.12,15.28
11/10/14,17613.74,2038.26,118308.12,15.29
11/11/14,17614.9,2039.68,118176.27,15.28
11/12/14,17612.2,2038.25,118648.76,15.39
11/13/14,17652.79,2039.33,117903.57,15.26
11/14/14,17634.74,2039.82,117603.16,15.29
11/17/14,17647.75,2041.32,117099.83,15.16
11/18/14,17687.82,2051.8,117687.5,15.22
11/19/14,17685.73,2048.72,116655.75,15.08
11/20/14,17719,2052.75,117596.92,15.27
11/21/14,17810.06,2063.5,117954.78,15.31
11/24/14,17817.9,2069.41,119018.31,15.45
11/25/14,17814.94,2067.03,119111.94,15.44
11/26/14,17827.75,2072.83,119422.82,15.42
11/28/14,17828.24,2067.56,118226.08,15.11
12/1/14,17776.8,2053.44,116600.17,14.87
12/2/14,17879.55,2066.55,117667.23,14.99
12/3/14,17912.62,2074.33,118608.43,15.16
12/4/14,17900.1,2071.92,118296.6,15.09
12/5/14,17958.79,2075.37,118770.73,15.2
12/8/14,17852.48,2060.31,117711.28,14.97
12/9/14,17801.2,2059.82,119018.32,15.17
12/10/14,17533.15,2026.14,116706.36,14.8
12/11/14,17596.34,2035.33,117162.54,14.84
12/12/14,17280.83,2002.33,115611.33,14.59
12/15/14,17180.84,1989.63,114444.87,14.47
12/16/14,17068.87,1972.74,114262.85,12.6
12/17/14,17356.87,2012.89,117154.49,12.98
12/18/14,17778.15,2061.23,118732.71,13.17
12/19/14,17804.8,2070.65,119039.94,13.24
12/22/14,17959.44,2078.54,119730.78,13.29
12/23/14,18024.17,2082.17,120220.36,13.38
12/24/14,18030.21,2081.88,120341.59,13.4
12/26/14,18053.71,2088.77,121021.7,13.47
12/29/14,18038.23,2090.57,121760.9,13.53
12/30/14,17983.07,2080.35,121323.53,13.5
12/31/14,17823.07,2058.9,120114.31,13.4
1/2/15,17832.99,2058.2,119924.02,13.31
1/5/15,17501.65,2020.58,118307.01,13.05
1/6/15,17371.64,2002.61,116787.06,12.81
1/7/15,17584.52,2025.9,118122.35,12.92
1/8/15,17907.87,2062.14,119781.89,13.15
1/9/15,17737.37,2044.81,118687.75,13.01
1/12/15,17640.84,2028.26,118414.02,12.91
1/13/15,17613.68,2023.03,118519.04,12.92
1/14/15,17427.09,2011.27,118204.35,12.84
1/15/15,17320.71,1992.67,116779,12.63
1/16/15,17511.57,2019.42,118423.87,12.86
1/20/15,17515.23,2022.55,117536.13,12.76
1/21/15,17554.28,2032.12,117573.47,12.79
1/22/15,17813.98,2063.15,120098.91,13.07
1/23/15,17672.6,2051.82,119556.51,13
1/26/15,17678.7,2057.09,120680.3,13.13
1/27/15,17387.21,2029.55,120048.54,13.06
1/28/15,17191.37,2002.16,118391.98,12.83
1/29/15,17416.85,2021.25,119556.88,12.97
1/30/15,17164.95,1994.99,117387.52,12.75
2/2/15,17361.04,2020.85,118432.8,12.93
2/3/15,17666.4,2050.03,120535.63,13.22
2/4/15,17673.02,2041.51,119785.47,13.15
2/5/15,17884.88,2062.52,121383.12,13.33
2/6/15,17824.29,2055.47,120686.06,13.38
2/9/15,17729.21,2046.74,119794.82,13.31
2/10/15,17868.76,2068.59,120295.65,13.34
2/11/15,17862.14,2068.53,120007.91,13.32
2/12/15,17972.38,2088.48,121566.81,13.48
2/13/15,18019.35,2096.99,122059.32,13.57
2/17/15,18047.58,2100.34,122210.6,13.57
2/18/15,18029.85,2099.68,122666.69,13.55
2/19/15,17985.77,2097.45,122342.22,13.56
2/20/15,18140.44,2110.3,122973.34,13.58
2/23/15,18116.84,2109.66,123103.62,13.54
2/24/15,18209.19,2115.48,123204.27,13.62
2/25/15,18224.57,2113.86,123117.24,13.6
2/26/15,18214.42,2110.74,123138.67,13.63
2/27/15,18132.7,2104.5,122780.01,13.58
3/2/15,18288.63,2117.39,123529.53,13.67
3/3/15,18203.37,2107.78,122975.45,13.59
3/4/15,18096.9,2098.53,122261.39,13.54
3/5/15,18135.72,2101.04,122474.65,13.55
3/6/15,17856.78,2071.26,120686.96,13.43
3/9/15,17995.72,2079.43,121279.62,13.47
3/10/15,17662.94,2044.16,119975.47,13.25
3/11/15,17635.39,2040.24,120691.67,13.34
3/12/15,17895.22,2065.95,122685.28,13.56
3/13/15,17749.31,2053.4,122088.06,13.5
3/16/15,17977.42,2081.19,122901.29,13.57
3/17/15,17849.08,2074.28,123158.9,13.6
3/18/15,18076.19,2099.5,124271.58,13.73
3/19/15,17959.03,2089.27,124134.57,13.69
3/20/15,18127.65,2108.1,125674.14,13.84
3/23/15,18116.04,2104.42,125730.83,13.87
3/24/15,18011.14,2091.5,125236.12,13.87
3/25/15,17718.54,2061.05,123083.43,13.63
3/26/15,17678.23,2056.15,122756.33,13.6
3/27/15,17712.66,2061.02,123169.25,13.64
3/30/15,17976.31,2086.24,124691.27,13.83
3/31/15,17776.12,2067.89,124305.39,13.78
4/1/15,17698.18,2059.69,124446.81,13.78
4/2/15,17763.24,2066.96,124936.16,13.84
4/6/15,17880.85,2080.62,125747.79,13.91
4/7/15,17875.42,2076.33,124656.4,13.83
4/8/15,17902.51,2081.9,124974.17,13.9
4/9/15,17958.73,2091.18,124370.14,13.89
4/10/15,18057.65,2102.06,124780.97,13.92
4/13/15,17977.04,2092.43,124691.3,13.93
4/14/15,18036.7,2095.84,124832.59,13.93
4/15/15,18112.61,2106.63,125499.64,14.07
4/16/15,18105.77,2104.99,125244.51,14.01
4/17/15,17826.3,2081.18,123602.49,13.79
4/20/15,18034.93,2100.4,124637.31,13.92
4/21/15,17949.59,2097.29,124466.55,13.88
4/22/15,18038.27,2107.96,124793.64,13.91
4/23/15,18058.69,2112.93,125396.47,13.96
4/24/15,18080.14,2117.69,125117.37,13.92
4/27/15,18037.97,2108.92,124239.03,13.82
4/28/15,18110.14,2114.76,124978.55,13.95
4/29/15,18035.53,2106.85,123886.06,13.87
4/30/15,17840.52,2085.51,122015.87,13.66
5/1/15,18024.06,2108.29,122738.02,13.74
5/4/15,18070.4,2114.49,123099.71,13.77
5/5/15,17928.2,2089.46,121585.29,13.64
5/6/15,17841.98,2080.15,122015.3,13.65
5/7/15,17924.06,2088,122462.89,13.68
5/8/15,18191.11,2116.1,123311.84,13.79
5/11/15,18105.17,2105.33,123088.72,13.81
5/12/15,18068.23,2099.12,122885.11,13.78
5/13/15,18060.49,2098.48,122757.19,13.8
5/14/15,18252.24,2121.1,124007.43,13.91
5/15/15,18272.56,2122.73,123996.67,13.88
5/18/15,18298.88,2129.2,124858.93,14.01
5/19/15,18312.39,2127.83,124663.26,13.97
5/20/15,18285.4,2125.85,124776.05,13.98
5/21/15,18285.74,2130.82,124650.8,13.99
5/22/15,18232.02,2126.06,124279.92,13.93
5/26/15,18041.54,2104.2,122903.7,13.75
5/27/15,18162.99,2123.48,124061.43,13.9
5/28/15,18126.12,2120.79,123915.35,13.89
5/29/15,18010.68,2107.39,123168.8,13.82
6/1/15,18040.37,2111.73,123443.51,13.83
6/2/15,18011.94,2109.6,123703.92,13.9
6/3/15,18076.27,2114.07,124245.16,14.03
6/4/15,17905.58,2095.84,123192.61,13.87
6/5/15,17849.46,2092.83,123490.21,13.98
6/8/15,17766.55,2079.28,122836.52,13.87
6/9/15,17764.04,2080.15,122546.02,13.86
6/10/15,18000.4,2105.2,124014,14.07
6/11/15,18039.37,2108.86,124383.34,14.08
6/12/15,17898.84,2094.11,123873.42,14.03
6/15/15,17791.17,2084.43,123208.8,13.95
6/16/15,17904.48,2096.29,123938.23,14.04
6/17/15,17935.74,2100.44,123935.83,13.98
6/18/15,18115.84,2121.24,125242.64,14.1
6/19/15,18015.95,2109.99,125135.86,14.09
6/22/15,18119.78,2122.85,125455.08,14.18
6/23/15,18144.07,2124.2,125694.81,14.26
6/24/15,17966.07,2108.58,124679.39,14.14
6/25/15,17890.36,2102.31,124332.97,14.12
6/26/15,17946.68,2101.49,124470.74,14.11
6/29/15,17596.35,2057.64,121745.88,13.76
6/30/15,17619.51,2063.11,121900.6,13.78
7/1/15,17757.91,2077.42,122495.61,13.82
7/2/15,17730.11,2076.78,122095.57,13.73
7/6/15,17683.58,2068.76,122014.22,13.67
7/7/15,17776.91,2081.34,122566.29,13.67
7/8/15,17515.42,2046.68,121085.35,13.46
7/9/15,17548.62,2051.31,121056.77,13.48
7/10/15,17760.41,2076.62,122498.3,13.64
7/13/15,17977.68,2099.6,123429.51,13.76
7/14/15,18053.58,2108.95,123830.71,13.83
7/15/15,18050.17,2107.4,123092.16,13.71
7/16/15,18120.25,2124.29,123706.67,13.75
7/17/15,18086.45,2126.64,122846.97,13.64
7/20/15,18100.41,2128.28,122479.27,13.55
7/21/15,17919.29,2119.21,121881.24,13.5
7/22/15,17851.04,2114.15,122024.87,13.51
7/23/15,17731.92,2102.15,120485.86,13.36
7/24/15,17568.53,2079.65,119214.49,13.19
7/27/15,17440.59,2067.64,118402.01,13.06
7/28/15,17630.27,2093.25,119201.25,13.18
7/29/15,17751.39,2108.57,120228.61,13.32
7/30/15,17745.98,2108.63,120300.47,13.35
7/31/15,17689.86,2103.84,120781.39,13.38
8/3/15,17598.2,2098.04,120405.1,13.3
8/4/15,17550.69,2093.32,120198.08,13.3
8/5/15,17540.47,2099.84,120254.16,13.37
8/6/15,17419.75,2083.56,119687.15,13.33
8/7/15,17373.38,2077.57,119234.23,13.24
8/10/15,17615.17,2104.18,120513.15,13.48
8/11/15,17402.84,2084.07,119875.78,13.38
8/12/15,17402.51,2086.05,119671.34,13.33
8/13/15,17408.25,2083.39,119371.43,13.29
8/14/15,17477.4,2091.54,120271.24,13.4
8/17/15,17545.18,2102.44,121240.8,13.47
8/18/15,17511.34,2096.92,120660.99,13.38
8/19/15,17348.73,2079.61,119536.14,13.23
8/20/15,16990.69,2035.73,117337.91,12.95
8/21/15,16459.75,1970.89,115483.44,12.73
8/24/15,15871.35,1893.21,110989.9,12.24
8/25/15,15666.44,1867.61,109658.41,12.13
8/26/15,16285.51,1940.51,112225.18,12.43
8/27/15,16654.77,1987.66,114494.61,12.71
8/28/15,16643.01,1988.87,115255.96,12.81
8/31/15,16528.03,1972.18,114971.36,12.87
9/1/15,16058.35,1913.85,111907.6,12.5
9/2/15,16351.38,1948.86,113206.25,12.66
9/3/15,16374.76,1951.13,113484.93,12.7
9/4/15,16102.38,1921.22,112267.75,12.57
9/8/15,16492.68,1969.41,114368.75,12.82
9/9/15,16253.57,1942.04,113177.31,12.69
9/10/15,16330.4,1952.29,113358.39,12.72
9/11/15,16433.09,1961.05,114015.19,12.73
9/14/15,16370.96,1953.03,113673.34,12.66
9/15/15,16599.85,1978.09,114765.54,12.82
9/16/15,16739.95,1995.31,115904.08,12.95
9/17/15,16674.74,1990.2,116028.83,12.91
9/18/15,16384.58,1958.03,114301.39,12.66
9/21/15,16510.19,1966.97,114809.17,12.72
9/22/15,16330.47,1942.74,113246.05,12.53
9/23/15,16279.89,1938.76,113169.91,12.48
9/24/15,16201.32,1932.24,113006.42,12.49
9/25/15,16314.67,1931.34,112527.29,12.44
9/28/15,16001.89,1881.77,110043.69,12.16
9/29/15,16049.13,1884.09,109765.2,12.14
9/30/15,16284.7,1920.03,111009.43,12.3
10/1/15,16272.01,1923.82,110932.78,12.26
10/2/15,16472.37,1951.36,112056.44,12.41
10/5/15,16776.43,1987.05,114788.99,12.75
10/6/15,16790.19,1979.92,114674.55,12.77
10/7/15,16912.29,1995.83,116315.8,12.95
10/8/15,17050.75,2013.43,117656.49,13.14
10/9/15,17084.49,2014.89,117591.03,13.13
10/12/15,17131.86,2017.46,117646.11,13.11
10/13/15,17081.89,2003.69,116407.1,12.98
10/14/15,16924.75,1994.24,115480.79,12.88
10/15/15,17141.75,2023.86,117321.74,13.08
10/16/15,17215.97,2033.11,117428.11,13.02
10/19/15,17230.54,2033.66,117650.05,13.01
10/20/15,17217.11,2030.77,118207.48,13.09
10/21/15,17168.61,2018.94,116657.62,12.89
10/22/15,17489.16,2052.51,117757.16,13.02
10/23/15,17646.7,2075.15,118428.75,13.1
10/26/15,17623.05,2071.18,117879.76,13.01
10/27/15,17581.43,2065.89,116468.8,12.81
10/28/15,17779.52,2090.35,119111.48,13.16
10/29/15,17755.8,2089.41,118494.41,13.06
10/30/15,17663.54,2079.36,117931.33,13.01
11/2/15,17828.76,2104.05,120029.13,13.26
11/3/15,17918.15,2109.79,120327.05,13.33
11/4/15,17867.58,2102.31,119927.16,13.29
11/5/15,17863.43,2099.93,120183.77,13.32
11/6/15,17910.33,2099.2,120124.48,13.44
11/9/15,17730.48,2078.58,118631.27,13.26
11/10/15,17758.21,2081.72,119054.66,13.29
11/11/15,17702.22,2075,118360.57,13.18
11/12/15,17448.07,2045.97,116014.26,12.9
11/13/15,17245.24,2023.04,115210.73,12.82
11/16/15,17483.01,2053.19,116484.66,12.95
11/17/15,17489.5,2050.44,115849.08,12.91
11/18/15,17737.16,2083.58,117587.98,13.13
11/19/15,17732.75,2081.24,117406.89,13.08
11/20/15,17823.81,2089.17,118132,13.15
11/23/15,17792.68,2086.59,118581.58,13.19
11/24/15,17812.19,2089.14,119233.28,13.29
11/25/15,17813.39,2088.87,119783,13.34
11/27/15,17798.49,2090.11,120246.46,13.36
11/30/15,17719.92,2080.41,119932.2,13.34
12/1/15,17888.35,2102.63,120598.17,13.43
12/2/15,17729.68,2079.51,119000.02,13.27
12/3/15,17477.67,2049.62,117273.49,13.09
12/4/15,17847.63,2091.69,118352.4,13.19
12/7/15,17730.51,2077.07,116755.56,12.96
12/8/15,17568,2063.59,115813.12,12.82
12/9/15,17492.3,2047.62,114893.04,12.69
12/10/15,17574.75,2052.23,114982.93,12.72
12/11/15,17265.21,2012.37,112909.4,12.45
12/14/15,17368.5,2021.94,112019.98,12.36
12/15/15,17524.91,2043.41,113566.57,12.53
12/16/15,17749.09,2073.07,115208.41,12.66
12/17/15,17495.84,2041.89,114023.98,11.37
12/18/15,17128.55,2005.55,112590.25,11.2
12/21/15,17251.62,2021.15,113347,11.29
12/22/15,17417.27,2038.97,114475.62,11.42
12/23/15,17602.61,2064.29,116129.05,11.6
12/24/15,17552.17,2060.99,116261.48,11.62
12/28/15,17528.27,2056.5,115844.61,11.53
12/29/15,17720.98,2078.36,116937.44,11.64
12/30/15,17603.87,2063.36,116048.23,11.53
12/31/15,17425.03,2043.94,114874.55,11.41
1/4/16,17148.94,2012.66,113020.77,11.2
1/5/16,17158.66,2016.71,113596.26,11.19
1/6/16,16906.51,1990.26,112555.36,11.02
1/7/16,16514.1,1943.09,109816.51,10.74
1/8/16,16346.45,1922.03,108283.67,10.56
1/11/16,16398.57,1923.67,108271.82,10.54
1/12/16,16516.22,1938.68,107996.33,10.55
1/13/16,16151.41,1890.28,105145.39,10.25
1/14/16,16379.05,1921.84,106212.69,10.39
1/15/16,15988.08,1880.33,104479.19,10.21
1/19/16,16016.02,1881.33,103719.97,10.08
1/20/16,15766.74,1859.33,102946.01,10.08
1/21/16,15882.68,1868.99,102961.26,10.1
1/22/16,16093.51,1906.9,105434.14,10.31
1/25/16,15885.22,1877.08,103331.4,10.06
1/26/16,16167.23,1903.63,105826.78,10.33
1/27/16,15944.46,1882.95,104751.35,10.24
1/28/16,16069.64,1893.36,105257.46,10.31
1/29/16,16466.3,1940.24,108442.63,10.65
2/1/16,16449.18,1939.38,108043.45,10.58
,,,,
,,,,
,,,,
,,,,
,,,,
,,,,
,,,,
,,,,
,,,,
,,,,
,,,,
,,,,
,,,,
,,,,
,,,,
,,,,
,,,,
,,,,
,,,,
,,,,
,,,,
,,,,
,,,,
,,,,
,,,,
,,,,
,,,,
,,,,
,,,,
,,,,
,,,,
,,,,
,,,,
,,,,
,,,,
,,,,
,,,,
,,,,
,,,,
,,,,
,,,,
,,,,
,,,,
,,,,
,,,,
,,,,
,,,,
,,,,
,,,,
,,,,
,,,,
,,,,
,,,,
,,,,
,,,,
,,,,
,,,,
,,,,
,,,,
,,,,
,,,,
,,,,
,,,,
,,,,
,,,,
,,,,
,,,,
,,,,
,,,,
,,,,
,,,,
,,,,
,,,,
,,,,
,,,,
,,,,
,,,,
,,,,
,,,,
,,,,
,,,,
,,,,
,,,,
,15973.84,1864.78,,