cencpptot,cenhfs-supplymsa,cenhs-usmsa,cennewhsavgm,cennewhsmedm,NAV
1108958,9.6,619,284400,227700,10
1108958,9.6,619,284400,227700,10.06
1108958,9.6,619,284400,227700,10.07
1108958,9.6,619,284400,227700,9.84
1108958,9.6,619,284400,227700,9.83
1108958,9.6,619,284400,227700,9.8
1106047,9.3,627,284600,232400,9.8
1106047,9.3,627,284600,232400,9.64
1106047,9.3,627,284600,232400,9.54
1106047,9.3,627,284600,232400,9.27
1106047,9.3,627,284600,232400,9.31
1106047,9.3,627,284600,232400,9.07
1106047,9.3,627,284600,232400,9.16
1106047,9.3,627,284600,232400,9.25
1106047,9.3,627,284600,232400,9.08
1106047,9.3,627,284600,232400,9.16
1106047,9.3,627,284600,232400,8.99
1106047,9.3,627,284600,232400,9.04
1106047,9.3,627,284600,232400,8.82
1106047,9.3,627,284600,232400,8.73
1106047,9.3,627,284600,232400,8.73
1106047,9.3,627,284600,232400,8.97
1106047,9.3,627,284600,232400,8.98
1106047,9.3,627,284600,232400,8.9
1106047,9.3,627,284600,232400,9.08
1106047,9.3,627,284600,232400,9.13
1106047,9.3,627,284600,232400,9.05
1106047,9.3,627,284600,232400,9.27
1092331,9.7,593,301200,245300,9.48
1092331,9.7,593,301200,245300,9.39
1092331,9.7,593,301200,245300,9.17
1092331,9.7,593,301200,245300,9.1
1092331,9.7,593,301200,245300,9.22
1092331,9.7,593,301200,245300,9.18
1092331,9.7,593,301200,245300,9.2
1092331,9.7,593,301200,245300,9.23
1092331,9.7,593,301200,245300,9.39
1092331,9.7,593,301200,245300,9.23
1092331,9.7,593,301200,245300,9.2
1092331,9.7,593,301200,245300,9.2
1092331,9.7,593,301200,245300,9.34
1092331,9.7,593,301200,245300,9.2
1092331,9.7,593,301200,245300,9.21
1092331,9.7,593,301200,245300,9.39
1092331,9.7,593,301200,245300,9.47
1092331,9.7,593,301200,245300,9.43
1092331,9.7,593,301200,245300,9.34
1092331,9.7,593,301200,245300,9.1
1094910,10.5,535,287600,229300,9.09
1094910,10.5,535,287600,229300,9.05
1094910,10.5,535,287600,229300,9.09
1094910,10.5,535,287600,229300,8.9
1094910,10.5,535,287600,229300,8.87
1094910,10.5,535,287600,229300,8.73
1094910,10.5,535,287600,229300,9.03
1094910,10.5,535,287600,229300,8.94
1094910,10.5,535,287600,229300,9.09
1094910,10.5,535,287600,229300,8.89
1094910,10.5,535,287600,229300,8.77
1094910,10.5,535,287600,229300,9.1
1094910,10.5,535,287600,229300,8.9
1094910,10.5,535,287600,229300,9.07
1094910,10.5,535,287600,229300,9.26
1094910,10.5,535,287600,229300,9.36
1094910,10.5,535,287600,229300,9.28
1094910,10.5,535,287600,229300,9.18
1094910,10.5,535,287600,229300,9.11
1094910,10.5,535,287600,229300,9.19
1091142,10.3,536,314300,246400,9.46
1091142,10.3,536,314300,246400,9.48
1091142,10.3,536,314300,246400,9.46
1091142,10.3,536,314300,246400,9.47
1091142,10.3,536,314300,246400,9.48
1091142,10.3,536,314300,246400,9.45
1091142,10.3,536,314300,246400,9.32
1091142,10.3,536,314300,246400,9.38
1091142,10.3,536,314300,246400,9.16
1091142,10.3,536,314300,246400,9.14
1091142,10.3,536,314300,246400,9.22
1091142,10.3,536,314300,246400,9.48
1091142,10.3,536,314300,246400,9.42
1091142,10.3,536,314300,246400,9.6
1091142,10.3,536,314300,246400,9.55
1091142,10.3,536,314300,246400,9.36
1091142,10.3,536,314300,246400,9.37
1091142,10.3,536,314300,246400,9.45
1091142,10.3,536,314300,246400,9.51
1091142,10.3,536,314300,246400,9.57
1091142,10.3,536,314300,246400,9.52
1091142,10.3,536,314300,246400,9.49
1091008,10.7,504,298200,229300,9.65
1091008,10.7,504,298200,229300,9.63
1091008,10.7,504,298200,229300,9.61
1091008,10.7,504,298200,229300,9.7
1091008,10.7,504,298200,229300,9.58
1091008,10.7,504,298200,229300,9.6
1091008,10.7,504,298200,229300,9.59
1091008,10.7,504,298200,229300,9.72
1091008,10.7,504,298200,229300,9.77
1091008,10.7,504,298200,229300,9.78
1091008,10.7,504,298200,229300,9.87
1091008,10.7,504,298200,229300,9.85
1091008,10.7,504,298200,229300,9.85
1091008,10.7,504,298200,229300,9.84
1091008,10.7,504,298200,229300,9.72
1091008,10.7,504,298200,229300,9.79
1091008,10.7,504,298200,229300,9.65
1091008,10.7,504,298200,229300,9.77
1091008,10.7,504,298200,229300,9.81
1091008,10.7,504,298200,229300,9.86
1091008,10.7,504,298200,229300,9.91
1074637,10.7,487,299400,234300,9.84
1074637,10.7,487,299400,234300,9.83
1074637,10.7,487,299400,234300,9.86
1074637,10.7,487,299400,234300,10.08
1074637,10.7,487,299400,234300,9.79
1074637,10.7,487,299400,234300,9.76
1074637,10.7,487,299400,234300,9.72
1074637,10.7,487,299400,234300,9.57
1074637,10.7,487,299400,234300,9.57
1074637,10.7,487,299400,234300,9.68
1074637,10.7,487,299400,234300,9.74
1074637,10.7,487,299400,234300,9.69
1074637,10.7,487,299400,234300,9.62
1074637,10.7,487,299400,234300,9.67
1074637,10.7,487,299400,234300,9.53
1074637,10.7,487,299400,234300,9.49
1074637,10.7,487,299400,234300,9.44
1074637,10.7,487,299400,234300,9.52
1074637,10.7,487,299400,234300,9.26
1074637,10.7,487,299400,234300,9.19
1074637,10.7,487,299400,234300,9.07
1066919,10.5,477,301900,237300,9.06
1066919,10.5,477,301900,237300,8.83
1066919,10.5,477,301900,237300,8.76
1066919,10.5,477,301900,237300,8.66
1066919,10.5,477,301900,237300,8.95
1066919,10.5,477,301900,237300,8.72
1066919,10.5,477,301900,237300,8.75
1066919,10.5,477,301900,237300,8.75
1066919,10.5,477,301900,237300,8.6
1066919,10.5,477,301900,237300,8.55
1066919,10.5,477,301900,237300,8.9
1066919,10.5,477,301900,237300,9.09
1066919,10.5,477,301900,237300,9.09
1066919,10.5,477,301900,237300,9.12
1066919,10.5,477,301900,237300,9.38
1066919,10.5,477,301900,237300,9.46
1066919,10.5,477,301900,237300,9.2
1066919,10.5,477,301900,237300,9.28
1066919,10.5,477,301900,237300,9.09
1066919,10.5,477,301900,237300,9.36
1066919,10.5,477,301900,237300,9.39
1066919,10.5,477,301900,237300,9.34
1057459,11.3,435,265500,221000,9.35
1057459,11.3,435,265500,221000,9.22
1057459,11.3,435,265500,221000,9.49
1057459,11.3,435,265500,221000,9.53
1057459,11.3,435,265500,221000,9.34
1057459,11.3,435,265500,221000,9.64
1057459,11.3,435,265500,221000,9.86
1057459,11.3,435,265500,221000,9.78
1057459,11.3,435,265500,221000,9.78
1057459,11.3,435,265500,221000,9.9
1057459,11.3,435,265500,221000,9.93
1057459,11.3,435,265500,221000,9.77
1057459,11.3,435,265500,221000,9.62
1057459,11.3,435,265500,221000,9.62
1057459,11.3,435,265500,221000,9.56
1057459,11.3,435,265500,221000,9.72
1057459,11.3,435,265500,221000,9.5
1057459,11.3,435,265500,221000,9.55
1057459,11.3,435,265500,221000,9.68
1057459,11.3,435,265500,221000,9.85
1057459,11.3,435,265500,221000,9.75
1056666,10.9,433,287100,225200,9.78
1056666,10.9,433,287100,225200,9.85
1056666,10.9,433,287100,225200,9.59
1056666,10.9,433,287100,225200,9.62
1056666,10.9,433,287100,225200,9.85
1056666,10.9,433,287100,225200,9.55
1056666,10.9,433,287100,225200,9.69
1056666,10.9,433,287100,225200,9.71
1056666,10.9,433,287100,225200,9.71
1056666,10.9,433,287100,225200,9.34
1056666,10.9,433,287100,225200,9.57
1056666,10.9,433,287100,225200,9.12
1056666,10.9,433,287100,225200,9.72
1056666,10.9,433,287100,225200,10.14
1056666,10.9,433,287100,225200,9.68
1056666,10.9,433,287100,225200,9.57
1056666,10.9,433,287100,225200,9.41
1056666,10.9,433,287100,225200,9.51
1056666,10.9,433,287100,225200,9.48
1056666,10.9,433,287100,225200,8.85
1056666,10.9,433,287100,225200,9.15
1050690,11.6,393,274000,213200,9.09
1050690,11.6,393,274000,213200,8.63
1050690,11.6,393,274000,213200,8.44
1050690,11.6,393,274000,213200,8.11
1050690,11.6,393,274000,213200,7.64
1050690,11.6,393,274000,213200,7.46
1050690,11.6,393,274000,213200,6.77
1050690,11.6,393,274000,213200,6.93
1050690,11.6,393,274000,213200,7.59
1050690,11.6,393,274000,213200,7.43
1050690,11.6,393,274000,213200,6.77
1050690,11.6,393,274000,213200,7.13
1050690,11.6,393,274000,213200,7.01
1050690,11.6,393,274000,213200,7.25
1050690,11.6,393,274000,213200,7.05
1050690,11.6,393,274000,213200,6.67
1050690,11.6,393,274000,213200,6.53
1050690,11.6,393,274000,213200,6.31
1050690,11.6,393,274000,213200,6.06
1050690,11.6,393,274000,213200,6.47
1050690,11.6,393,274000,213200,6.56
1050690,11.6,393,274000,213200,6.86
1050690,11.6,393,274000,213200,7.15
1029211,11.4,389,290100,221600,7.15
1029211,11.4,389,290100,221600,7.25
1029211,11.4,389,290100,221600,6.88
1029211,11.4,389,290100,221600,6.63
1029211,11.4,389,290100,221600,6.74
1029211,11.4,389,290100,221600,6.57
1029211,11.4,389,290100,221600,6.43
1029211,11.4,389,290100,221600,6.05
1029211,11.4,389,290100,221600,6.54
1029211,11.4,389,290100,221600,6.13
1029211,11.4,389,290100,221600,6.02
1029211,11.4,389,290100,221600,5.99
1029211,11.4,389,290100,221600,5.53
1029211,11.4,389,290100,221600,5.13
1029211,11.4,389,290100,221600,5.37
1029211,11.4,389,290100,221600,5.76
1029211,11.4,389,290100,221600,5.87
1029211,11.4,389,290100,221600,6.22
1029211,11.4,389,290100,221600,6.3
993515,11.2,377,263100,229600,5.58
993515,11.2,377,263100,229600,5.9
993515,11.2,377,263100,229600,6.09
993515,11.2,377,263100,229600,5.93
993515,11.2,377,263100,229600,6.19
993515,11.2,377,263100,229600,6.42
993515,11.2,377,263100,229600,6.22
993515,11.2,377,263100,229600,6.36
993515,11.2,377,263100,229600,6.05
993515,11.2,377,263100,229600,6.25
993515,11.2,377,263100,229600,6.05
993515,11.2,377,263100,229600,6.45
993515,11.2,377,263100,229600,6.48
993515,11.2,377,263100,229600,6.4
993515,11.2,377,263100,229600,6.35
993515,11.2,377,263100,229600,6.19
993515,11.2,377,263100,229600,6.12
993515,11.2,377,263100,229600,6.16
993515,11.2,377,263100,229600,6.24
993515,11.2,377,263100,229600,6.13
993515,11.2,377,263100,229600,6.37
993515,11.2,377,263100,229600,6.58
962704,12.2,336,245200,208600,6.69
962704,12.2,336,245200,208600,6.67
962704,12.2,336,245200,208600,6.81
962704,12.2,336,245200,208600,6.57
962704,12.2,336,245200,208600,6.65
962704,12.2,336,245200,208600,6.37
962704,12.2,336,245200,208600,6.19
962704,12.2,336,245200,208600,6.26
962704,12.2,336,245200,208600,5.98
962704,12.2,336,245200,208600,6.06
962704,12.2,336,245200,208600,6.09
962704,12.2,336,245200,208600,5.62
962704,12.2,336,245200,208600,5.92
962704,12.2,336,245200,208600,5.72
962704,12.2,336,245200,208600,5.75
962704,12.2,336,245200,208600,5.8
962704,12.2,336,245200,208600,5.88
962704,12.2,336,245200,208600,6.13
962704,12.2,336,245200,208600,5.83
962704,12.2,336,245200,208600,5.66
959907,10.5,372,258600,209700,5.7
959907,10.5,372,258600,209700,5.73
959907,10.5,372,258600,209700,5.68
959907,10.5,372,258600,209700,5.77
959907,10.5,372,258600,209700,6.02
959907,10.5,372,258600,209700,5.99
959907,10.5,372,258600,209700,5.67
959907,10.5,372,258600,209700,5.71
959907,10.5,372,258600,209700,5.73
959907,10.5,372,258600,209700,5.67
959907,10.5,372,258600,209700,5.39
959907,10.5,372,258600,209700,5.32
959907,10.5,372,258600,209700,5.21
959907,10.5,372,258600,209700,5.12
959907,10.5,372,258600,209700,4.9
959907,10.5,372,258600,209700,5.15
959907,10.5,372,258600,209700,5.02
959907,10.5,372,258600,209700,4.95
959907,10.5,372,258600,209700,4.89
954984,11,339,259800,205100,4.61
954984,11,339,259800,205100,4.49
954984,11,339,259800,205100,4.62
954984,11,339,259800,205100,4.32
954984,11,339,259800,205100,4.32
954984,11,339,259800,205100,4.24
954984,11,339,259800,205100,4.59
954984,11,339,259800,205100,4.59
954984,11,339,259800,205100,4.89
954984,11,339,259800,205100,4.94
954984,11,339,259800,205100,4.9
954984,11,339,259800,205100,5.12
954984,11,339,259800,205100,5.34
954984,11,339,259800,205100,5.29
954984,11,339,259800,205100,5.13
954984,11,339,259800,205100,5.58
954984,11,339,259800,205100,5.36
954984,11,339,259800,205100,5.5
954984,11,339,259800,205100,5.74
954984,11,339,259800,205100,5.55
954984,11,339,259800,205100,5.31
954984,11,339,259800,205100,5.41
929593,10.7,337,269800,219200,5.54
929593,10.7,337,269800,219200,5.85
929593,10.7,337,269800,219200,5.94
929593,10.7,337,269800,219200,5.83
929593,10.7,337,269800,219200,5.62
929593,10.7,337,269800,219200,5.74
929593,10.7,337,269800,219200,5.96
929593,10.7,337,269800,219200,5.99
929593,10.7,337,269800,219200,5.78
929593,10.7,337,269800,219200,5.91
929593,10.7,337,269800,219200,6.09
929593,10.7,337,269800,219200,6.19
929593,10.7,337,269800,219200,5.76
929593,10.7,337,269800,219200,6.03
929593,10.7,337,269800,219200,6.04
929593,10.7,337,269800,219200,5.98
929593,10.7,337,269800,219200,6.15
929593,10.7,337,269800,219200,6
929593,10.7,337,269800,219200,6.07
929593,10.7,337,269800,219200,6.31
929593,10.7,337,269800,219200,6.27
911241,9.3,376,274600,222300,6.28
911241,9.3,376,274600,222300,6.57
911241,9.3,376,274600,222300,6.54
911241,9.3,376,274600,222300,6.63
911241,9.3,376,274600,222300,6.44
911241,9.3,376,274600,222300,6.74
911241,9.3,376,274600,222300,6.56
911241,9.3,376,274600,222300,6.59
911241,9.3,376,274600,222300,6.26
911241,9.3,376,274600,222300,6.39
911241,9.3,376,274600,222300,6.32
911241,9.3,376,274600,222300,6.61
911241,9.3,376,274600,222300,6.58
911241,9.3,376,274600,222300,6.51
911241,9.3,376,274600,222300,6.39
911241,9.3,376,274600,222300,6.35
911241,9.3,376,274600,222300,6.65
911241,9.3,376,274600,222300,6.49
911241,9.3,376,274600,222300,6.52
911241,9.3,376,274600,222300,6.64
901987,8.5,393,274800,214700,6.9
901987,8.5,393,274800,214700,6.95
901987,8.5,393,274800,214700,6.86
901987,8.5,393,274800,214700,7
901987,8.5,393,274800,214700,6.99
901987,8.5,393,274800,214700,6.93
901987,8.5,393,274800,214700,6.97
901987,8.5,393,274800,214700,6.94
901987,8.5,393,274800,214700,6.97
901987,8.5,393,274800,214700,6.94
901987,8.5,393,274800,214700,6.73
901987,8.5,393,274800,214700,6.62
901987,8.5,393,274800,214700,6.62
901987,8.5,393,274800,214700,6.66
901987,8.5,393,274800,214700,6.7
901987,8.5,393,274800,214700,6.42
901987,8.5,393,274800,214700,6.38
901987,8.5,393,274800,214700,6.44
901987,8.5,393,274800,214700,6.62
901987,8.5,393,274800,214700,6.7
901987,8.5,393,274800,214700,6.71
901987,8.5,393,274800,214700,6.66
899601,7.9,411,271100,214200,6.79
899601,7.9,411,271100,214200,6.52
899601,7.9,411,271100,214200,6.49
899601,7.9,411,271100,214200,6.37
899601,7.9,411,271100,214200,6.32
899601,7.9,411,271100,214200,6.34
899601,7.9,411,271100,214200,6.35
899601,7.9,411,271100,214200,6.53
899601,7.9,411,271100,214200,6.58
899601,7.9,411,271100,214200,6.84
899601,7.9,411,271100,214200,6.94
899601,7.9,411,271100,214200,6.9
899601,7.9,411,271100,214200,7
899601,7.9,411,271100,214200,6.96
899601,7.9,411,271100,214200,7.01
899601,7.9,411,271100,214200,7.23
899601,7.9,411,271100,214200,7.26
899601,7.9,411,271100,214200,7.32
899601,7.9,411,271100,214200,7.33
899601,7.9,411,271100,214200,7.29
899601,7.9,411,271100,214200,7.42
899601,7.9,411,271100,214200,7.43
889643,7.5,418,257800,207100,7.58
889643,7.5,418,257800,207100,7.65
889643,7.5,418,257800,207100,7.59
889643,7.5,418,257800,207100,7.52
889643,7.5,418,257800,207100,7.74
889643,7.5,418,257800,207100,7.74
889643,7.5,418,257800,207100,7.6
889643,7.5,418,257800,207100,7.74
889643,7.5,418,257800,207100,7.79
889643,7.5,418,257800,207100,7.63
889643,7.5,418,257800,207100,7.41
889643,7.5,418,257800,207100,7.54
889643,7.5,418,257800,207100,7.61
889643,7.5,418,257800,207100,7.69
889643,7.5,418,257800,207100,7.88
889643,7.5,418,257800,207100,7.86
889643,7.5,418,257800,207100,7.93
889643,7.5,418,257800,207100,7.93
889643,7.5,418,257800,207100,7.95
889643,7.5,418,257800,207100,7.92
889643,7.5,418,257800,207100,7.8
880259,7.8,386,290300,216600,7.6
880259,7.8,386,290300,216600,7.55
880259,7.8,386,290300,216600,7.65
880259,7.8,386,290300,216600,7.76
880259,7.8,386,290300,216600,7.85
880259,7.8,386,290300,216600,7.99
880259,7.8,386,290300,216600,8.11
880259,7.8,386,290300,216600,8.09
880259,7.8,386,290300,216600,8.16
880259,7.8,386,290300,216600,8.25
880259,7.8,386,290300,216600,8.43
880259,7.8,386,290300,216600,8.37
880259,7.8,386,290300,216600,8.4
880259,7.8,386,290300,216600,8.38
880259,7.8,386,290300,216600,8.44
880259,7.8,386,290300,216600,8.35
880259,7.8,386,290300,216600,8.18
880259,7.8,386,290300,216600,8.13
880259,7.8,386,290300,216600,8.34
880259,7.8,386,290300,216600,8.32
880259,7.8,386,290300,216600,8.21
869374,7.4,396,263800,215100,7.92
869374,7.4,396,263800,215100,7.85
869374,7.4,396,263800,215100,8.02
869374,7.4,396,263800,215100,8.17
869374,7.4,396,263800,215100,8.18
869374,7.4,396,263800,215100,8.26
869374,7.4,396,263800,215100,8.35
869374,7.4,396,263800,215100,8.36
869374,7.4,396,263800,215100,8.33
869374,7.4,396,263800,215100,8.51
869374,7.4,396,263800,215100,8.51
869374,7.4,396,263800,215100,8.39
869374,7.4,396,263800,215100,8.47
869374,7.4,396,263800,215100,8.36
869374,7.4,396,263800,215100,8.23
869374,7.4,396,263800,215100,8.37
869374,7.4,396,263800,215100,8.17
869374,7.4,396,263800,215100,8.04
869374,7.4,396,263800,215100,7.96
869374,7.4,396,263800,215100,7.69
869374,7.4,396,263800,215100,7.9
869374,7.4,396,263800,215100,7.64
850732,7.6,375,274700,218800,7.62
850732,7.6,375,274700,218800,7.73
850732,7.6,375,274700,218800,7.65
850732,7.6,375,274700,218800,7.88
850732,7.6,375,274700,218800,7.87
850732,7.6,375,274700,218800,8.06
850732,7.6,375,274700,218800,8
850732,7.6,375,274700,218800,8.07
850732,7.6,375,274700,218800,7.9
850732,7.6,375,274700,218800,7.97
850732,7.6,375,274700,218800,8.17
850732,7.6,375,274700,218800,8.17
850732,7.6,375,274700,218800,8.14
850732,7.6,375,274700,218800,7.95
850732,7.6,375,274700,218800,7.92
850732,7.6,375,274700,218800,8.05
850732,7.6,375,274700,218800,8.01
850732,7.6,375,274700,218800,8.02
850732,7.6,375,274700,218800,7.82
850732,7.6,375,274700,218800,7.85
832565,8,352,278300,222600,7.96
832565,8,352,278300,222600,8.04
832565,8,352,278300,222600,7.93
832565,8,352,278300,222600,8.11
832565,8,352,278300,222600,8.12
832565,8,352,278300,222600,8.05
832565,8,352,278300,222600,8.05
832565,8,352,278300,222600,8.03
832565,8,352,278300,222600,8.1
832565,8,352,278300,222600,8.22
832565,8,352,278300,222600,8.17
832565,8,352,278300,222600,8.23
832565,8,352,278300,222600,8.14
832565,8,352,278300,222600,8.2
832565,8,352,278300,222600,8.31
832565,8,352,278300,222600,8.39
832565,8,352,278300,222600,8.46
832565,8,352,278300,222600,8.49
832565,8,352,278300,222600,8.48
832565,8,352,278300,222600,8.49
832565,8,352,278300,222600,8.49
832565,8,352,278300,222600,8.39
816132,8.1,346,283400,218200,8.59
816132,8.1,346,283400,218200,8.57
816132,8.1,346,283400,218200,8.58
816132,8.1,346,283400,218200,8.67
816132,8.1,346,283400,218200,8.72
816132,8.1,346,283400,218200,8.7
816132,8.1,346,283400,218200,8.58
816132,8.1,346,283400,218200,8.69
816132,8.1,346,283400,218200,8.74
816132,8.1,346,283400,218200,8.63
816132,8.1,346,283400,218200,8.76
816132,8.1,346,283400,218200,8.66
816132,8.1,346,283400,218200,8.52
816132,8.1,346,283400,218200,8.36
816132,8.1,346,283400,218200,8.38
816132,8.1,346,283400,218200,8.34
816132,8.1,346,283400,218200,8.41
816132,8.1,346,283400,218200,8.27
816132,8.1,346,283400,218200,8.18
795808,8,344,284100,221900,8.32
795808,8,344,284100,221900,8.4
795808,8,344,284100,221900,8.34
795808,8,344,284100,221900,8.05
795808,8,344,284100,221900,8.09
795808,8,344,284100,221900,8.02
795808,8,344,284100,221900,8.16
795808,8,344,284100,221900,8.17
795808,8,344,284100,221900,8.29
795808,8,344,284100,221900,8.36
795808,8,344,284100,221900,8.51
795808,8,344,284100,221900,8.56
795808,8,344,284100,221900,8.64
795808,8,344,284100,221900,8.69
795808,8,344,284100,221900,8.71
795808,8,344,284100,221900,8.59
795808,8,344,284100,221900,8.67
795808,8,344,284100,221900,8.68
795808,8,344,284100,221900,8.65
805985,7,385,262900,224800,8.83
805985,7,385,262900,224800,8.9
805985,7,385,262900,224800,8.91
805985,7,385,262900,224800,8.97
805985,7,385,262900,224800,9.12
805985,7,385,262900,224800,9.14
805985,7,385,262900,224800,9.18
805985,7,385,262900,224800,9.25
805985,7,385,262900,224800,9.28
805985,7,385,262900,224800,9.26
805985,7,385,262900,224800,9.23
805985,7,385,262900,224800,9.32
805985,7,385,262900,224800,9.4
805985,7,385,262900,224800,9.37
805985,7,385,262900,224800,9.25
805985,7,385,262900,224800,9.36
805985,7,385,262900,224800,9.46
805985,7,385,262900,224800,9.38
805985,7,385,262900,224800,9.31
805985,7,385,262900,224800,9.32
805985,7,385,262900,224800,9.38
805985,7,385,262900,224800,9.39
805985,7,385,262900,224800,9.33
824008,6.2,420,270500,208300,9.43
824008,6.2,420,270500,208300,9.62
824008,6.2,420,270500,208300,9.68
824008,6.2,420,270500,208300,9.67
824008,6.2,420,270500,208300,9.68
824008,6.2,420,270500,208300,9.72
824008,6.2,420,270500,208300,9.75
824008,6.2,420,270500,208300,9.76
824008,6.2,420,270500,208300,9.98
824008,6.2,420,270500,208300,10.03
824008,6.2,420,270500,208300,9.89
824008,6.2,420,270500,208300,9.87
824008,6.2,420,270500,208300,10.02
824008,6.2,420,270500,208300,10.09
824008,6.2,420,270500,208300,10.23
824008,6.2,420,270500,208300,10.35
824008,6.2,420,270500,208300,10.3
824008,6.2,420,270500,208300,10.02
824008,6.2,420,270500,208300,10.05
824008,6.2,420,270500,208300,10.25
824008,6.2,420,270500,208300,9.96
816318,9.2,281,281100,230500,10.13
816318,9.2,281,281100,230500,9.79
816318,9.2,281,281100,230500,9.64
816318,9.2,281,281100,230500,9.29
816318,9.2,281,281100,230500,9.01
816318,9.2,281,281100,230500,9.53
816318,9.2,281,281100,230500,9.59
816318,9.2,281,281100,230500,9.86
816318,9.2,281,281100,230500,9.75
816318,9.2,281,281100,230500,9.53
816318,9.2,281,281100,230500,9.55
816318,9.2,281,281100,230500,9.37
816318,9.2,281,281100,230500,9.26
816318,9.2,281,281100,230500,8.76
816318,9.2,281,281100,230500,8.9
816318,9.2,281,281100,230500,8.77
816318,9.2,281,281100,230500,8.75
816318,9.2,281,281100,230500,8.79
816318,9.2,281,281100,230500,9.2
816318,9.2,281,281100,230500,9.08
816302,8.2,307,256700,219500,8.75
816302,8.2,307,256700,219500,9
816302,8.2,307,256700,219500,9.07
816302,8.2,307,256700,219500,8.63
816302,8.2,307,256700,219500,8.42
816302,8.2,307,256700,219500,8.4
816302,8.2,307,256700,219500,8.4
816302,8.2,307,256700,219500,8.7
816302,8.2,307,256700,219500,8.82
816302,8.2,307,256700,219500,8.86
816302,8.2,307,256700,219500,9.1
816302,8.2,307,256700,219500,9.05
816302,8.2,307,256700,219500,9.02
816302,8.2,307,256700,219500,9.04
816302,8.2,307,256700,219500,8.95
816302,8.2,307,256700,219500,8.77
816302,8.2,307,256700,219500,8.75
816302,8.2,307,256700,219500,8.59
816302,8.2,307,256700,219500,8.75
816302,8.2,307,256700,219500,8.7
816302,8.2,307,256700,219500,8.33
816302,8.2,307,256700,219500,8.23
788524,9,279,252100,212100,8.16
788524,9,279,252100,212100,8.08
788524,9,279,252100,212100,7.98
788524,9,279,252100,212100,8.28
788524,9,279,252100,212100,8.41
788524,9,279,252100,212100,8.54
788524,9,279,252100,212100,8.46
788524,9,279,252100,212100,8.75
788524,9,279,252100,212100,8.7
788524,9,279,252100,212100,8.64
788524,9,279,252100,212100,8.31
788524,9,279,252100,212100,8.34
788524,9,279,252100,212100,8.49
788524,9,279,252100,212100,8.35
788524,9,279,252100,212100,8.66
788524,9,279,252100,212100,8.85
788524,9,279,252100,212100,9.03
788524,9,279,252100,212100,8.98
788524,9,279,252100,212100,8.86
788524,9,279,252100,212100,8.9
788524,9,279,252100,212100,8.9
791653,8.9,278,268800,226600,9.05
791653,8.9,278,268800,226600,8.94
791653,8.9,278,268800,226600,9.05
791653,8.9,278,268800,226600,8.97
791653,8.9,278,268800,226600,8.91
791653,8.9,278,268800,226600,9.03
791653,8.9,278,268800,226600,8.85
791653,8.9,278,268800,226600,8.49
791653,8.9,278,268800,226600,8.45
791653,8.9,278,268800,226600,8.36
791653,8.9,278,268800,226600,8.42
791653,8.9,278,268800,226600,8.57
791653,8.9,278,268800,226600,8.6
791653,8.9,278,268800,226600,8.38
791653,8.9,278,268800,226600,8.37
791653,8.9,278,268800,226600,8.24
791653,8.9,278,268800,226600,8.13
791653,8.9,278,268800,226600,8.24
791653,8.9,278,268800,226600,8.16
791653,8.9,278,268800,226600,8.39
791653,8.9,278,268800,226600,8.18
791653,8.9,278,268800,226600,8.19
798916,7.7,316,270800,228000,8.52
798916,7.7,316,270800,228000,8.61
798916,7.7,316,270800,228000,8.76
798916,7.7,316,270800,228000,8.56
798916,7.7,316,270800,228000,8.62
798916,7.7,316,270800,228000,8.66
798916,7.7,316,270800,228000,8.68
798916,7.7,316,270800,228000,8.88
798916,7.7,316,270800,228000,8.84
798916,7.7,316,270800,228000,8.88
798916,7.7,316,270800,228000,8.82
798916,7.7,316,270800,228000,8.85
798916,7.7,316,270800,228000,9.08
798916,7.7,316,270800,228000,9.02
798916,7.7,316,270800,228000,8.9
798916,7.7,316,270800,228000,8.81
798916,7.7,316,270800,228000,9.1
798916,7.7,316,270800,228000,9.05
798916,7.7,316,270800,228000,9.15
798916,7.7,316,270800,228000,9.18
798916,7.7,316,270800,228000,9.17
800266,8.5,282,254400,204200,9.2
800266,8.5,282,254400,204200,9.07
800266,8.5,282,254400,204200,9.33
800266,8.5,282,254400,204200,9.31
800266,8.5,282,254400,204200,9.29
800266,8.5,282,254400,204200,9.42
800266,8.5,282,254400,204200,9.42
800266,8.5,282,254400,204200,9.46
800266,8.5,282,254400,204200,9.6
800266,8.5,282,254400,204200,9.58
800266,8.5,282,254400,204200,9.55
800266,8.5,282,254400,204200,9.64
800266,8.5,282,254400,204200,9.45
800266,8.5,282,254400,204200,9.56
800266,8.5,282,254400,204200,9.52
800266,8.5,282,254400,204200,9.55
800266,8.5,282,254400,204200,9.59
800266,8.5,282,254400,204200,9.57
800266,8.5,282,254400,204200,9.53
800266,8.5,282,254400,204200,9.47
800266,8.5,282,254400,204200,9.5
798328,8.2,287,281700,219600,9.46
798328,8.2,287,281700,219600,9.63
798328,8.2,287,281700,219600,9.66
798328,8.2,287,281700,219600,9.93
798328,8.2,287,281700,219600,9.99
798328,8.2,287,281700,219600,10
798328,8.2,287,281700,219600,9.86
798328,8.2,287,281700,219600,9.99
798328,8.2,287,281700,219600,9.95
798328,8.2,287,281700,219600,9.78
798328,8.2,287,281700,219600,9.79
798328,8.2,287,281700,219600,9.6
798328,8.2,287,281700,219600,9.63
798328,8.2,287,281700,219600,9.8
798328,8.2,287,281700,219600,9.85
798328,8.2,287,281700,219600,9.86
798328,8.2,287,281700,219600,9.75
798328,8.2,287,281700,219600,9.96
798328,8.2,287,281700,219600,9.9
798328,8.2,287,281700,219600,9.9
798328,8.2,287,281700,219600,9.83
779895,6.9,331,291700,241200,10.03
779895,6.9,331,291700,241200,10.17
779895,6.9,331,291700,241200,10.25
779895,6.9,331,291700,241200,10.29
779895,6.9,331,291700,241200,10.33
779895,6.9,331,291700,241200,10.35
779895,6.9,331,291700,241200,10.42
779895,6.9,331,291700,241200,10.54
779895,6.9,331,291700,241200,10.49
779895,6.9,331,291700,241200,10.48
779895,6.9,331,291700,241200,10.42
779895,6.9,331,291700,241200,10.52
779895,6.9,331,291700,241200,10.52
779895,6.9,331,291700,241200,10.56
779895,6.9,331,291700,241200,10.68
779895,6.9,331,291700,241200,10.74
779895,6.9,331,291700,241200,10.71
779895,6.9,331,291700,241200,10.74
779895,6.9,331,291700,241200,10.72
779895,6.9,331,291700,241200,10.74
779895,6.9,331,291700,241200,10.73
779895,6.9,331,291700,241200,10.68
779895,6.9,331,291700,241200,10.88
752638,7.2,310,275700,240100,10.73
752638,7.2,310,275700,240100,10.83
752638,7.2,310,275700,240100,10.79
752638,7.2,310,275700,240100,10.73
752638,7.2,310,275700,240100,10.77
752638,7.2,310,275700,240100,10.83
752638,7.2,310,275700,240100,10.92
752638,7.2,310,275700,240100,10.89
752638,7.2,310,275700,240100,10.99
752638,7.2,310,275700,240100,10.99
752638,7.2,310,275700,240100,10.74
752638,7.2,310,275700,240100,10.66
752638,7.2,310,275700,240100,10.61
752638,7.2,310,275700,240100,10.7
752638,7.2,310,275700,240100,10.72
752638,7.2,310,275700,240100,10.89
752638,7.2,310,275700,240100,10.93
752638,7.2,310,275700,240100,10.66
752638,7.2,310,275700,240100,10.72
746056,7.8,281,262800,220100,10.97
746056,7.8,281,262800,220100,10.92
746056,7.8,281,262800,220100,10.95
746056,7.8,281,262800,220100,10.97
746056,7.8,281,262800,220100,11.09
746056,7.8,281,262800,220100,11.15
746056,7.8,281,262800,220100,11.11
746056,7.8,281,262800,220100,11.14
746056,7.8,281,262800,220100,11.26
746056,7.8,281,262800,220100,11.31
746056,7.8,281,262800,220100,11.24
746056,7.8,281,262800,220100,11.38
746056,7.8,281,262800,220100,11.47
746056,7.8,281,262800,220100,11.47
746056,7.8,281,262800,220100,11.16
746056,7.8,281,262800,220100,10.99
746056,7.8,281,262800,220100,11.02
746056,7.8,281,262800,220100,11.27
746056,7.8,281,262800,220100,11.29
753433,7,305,260800,220500,11.08
753433,7,305,260800,220500,11.13
753433,7,305,260800,220500,11.38
753433,7,305,260800,220500,11.29
753433,7,305,260800,220500,11.12
753433,7,305,260800,220500,11.3
753433,7,305,260800,220500,11.29
753433,7,305,260800,220500,11
753433,7,305,260800,220500,11.05
753433,7,305,260800,220500,10.98
753433,7,305,260800,220500,10.87
753433,7,305,260800,220500,10.72
753433,7,305,260800,220500,10.8
753433,7,305,260800,220500,10.91
753433,7,305,260800,220500,11.17
753433,7,305,260800,220500,11.11
753433,7,305,260800,220500,11.12
753433,7,305,260800,220500,11.2
753433,7,305,260800,220500,11.29
753433,7,305,260800,220500,11.24
753433,7,305,260800,220500,11.33
753433,7,305,260800,220500,11.46
753433,7,305,260800,220500,11.49
755420,6.6,316,268900,224700,11.56
755420,6.6,316,268900,224700,11.58
755420,6.6,316,268900,224700,11.63
755420,6.6,316,268900,224700,11.67
755420,6.6,316,268900,224700,11.63
755420,6.6,316,268900,224700,11.51
755420,6.6,316,268900,224700,11.39
755420,6.6,316,268900,224700,11.24
755420,6.6,316,268900,224700,11.24
755420,6.6,316,268900,224700,11.25
755420,6.6,316,268900,224700,11.35
755420,6.6,316,268900,224700,11.18
755420,6.6,316,268900,224700,11.2
755420,6.6,316,268900,224700,11.37
755420,6.6,316,268900,224700,11.44
755420,6.6,316,268900,224700,11.43
755420,6.6,316,268900,224700,11.56
755420,6.6,316,268900,224700,11.61
755420,6.6,316,268900,224700,11.64
755420,6.6,316,268900,224700,11.68
775837,6.5,308,262700,222000,11.56
775837,6.5,308,262700,222000,11.43
775837,6.5,308,262700,222000,11.3
775837,6.5,308,262700,222000,11.25
775837,6.5,308,262700,222000,11.3
775837,6.5,308,262700,222000,11.39
775837,6.5,308,262700,222000,11.55
775837,6.5,308,262700,222000,11.36
775837,6.5,308,262700,222000,11.43
775837,6.5,308,262700,222000,11.27
775837,6.5,308,262700,222000,11.13
775837,6.5,308,262700,222000,11.06
775837,6.5,308,262700,222000,11.24
775837,6.5,308,262700,222000,11.25
775837,6.5,308,262700,222000,11.16
775837,6.5,308,262700,222000,10.97
775837,6.5,308,262700,222000,10.93
775837,6.5,308,262700,222000,11.04
775837,6.5,308,262700,222000,11.14
775837,6.5,308,262700,222000,11.23
775837,6.5,308,262700,222000,11.38
786784,6.6,303,273100,240200,11.16
786784,6.6,303,273100,240200,11.12
786784,6.6,303,273100,240200,10.96
786784,6.6,303,273100,240200,10.78
786784,6.6,303,273100,240200,10.79
786784,6.6,303,273100,240200,10.69
786784,6.6,303,273100,240200,10.76
786784,6.6,303,273100,240200,10.6
786784,6.6,303,273100,240200,10.58
786784,6.6,303,273100,240200,10.81
786784,6.6,303,273100,240200,10.61
786784,6.6,303,273100,240200,10.63
786784,6.6,303,273100,240200,10.66
786784,6.6,303,273100,240200,10.75
786784,6.6,303,273100,240200,10.98
786784,6.6,303,273100,240200,10.9
786784,6.6,303,273100,240200,10.88
786784,6.6,303,273100,240200,10.77
786784,6.6,303,273100,240200,10.85
786784,6.6,303,273100,240200,11.02
786784,6.6,303,273100,240200,11.1
786784,6.6,303,273100,240200,11.22
763468,6.8,295,270300,229900,11.41
763468,6.8,295,270300,229900,11.38
763468,6.8,295,270300,229900,11.42
763468,6.8,295,270300,229900,11.6
763468,6.8,295,270300,229900,11.5
763468,6.8,295,270300,229900,11.22
763468,6.8,295,270300,229900,11.17
763468,6.8,295,270300,229900,11.26
763468,6.8,295,270300,229900,11.11
763468,6.8,295,270300,229900,11.18
763468,6.8,295,270300,229900,10.99
763468,6.8,295,270300,229900,11.22
763468,6.8,295,270300,229900,11.21
763468,6.8,295,270300,229900,11.35
763468,6.8,295,270300,229900,11.33
763468,6.8,295,270300,229900,11.22
763468,6.8,295,270300,229900,11.15
763468,6.8,295,270300,229900,10.83
763468,6.8,295,270300,229900,10.8
763468,6.8,295,270300,229900,10.79
786308,6.7,293,257600,217600,10.73
786308,6.7,293,257600,217600,10.38
786308,6.7,293,257600,217600,10.42
786308,6.7,293,257600,217600,9.8
786308,6.7,293,257600,217600,9.63
786308,6.7,293,257600,217600,8.77
786308,6.7,293,257600,217600,9.32
786308,6.7,293,257600,217600,8.83
786308,6.7,293,257600,217600,9.32
786308,6.7,293,257600,217600,9.29
786308,6.7,293,257600,217600,9.59
786308,6.7,293,257600,217600,9.42
786308,6.7,293,257600,217600,9.41
786308,6.7,293,257600,217600,8.89
786308,6.7,293,257600,217600,8.74
786308,6.7,293,257600,217600,8.71
786308,6.7,293,257600,217600,9.11
786308,6.7,293,257600,217600,9.26
786308,6.7,293,257600,217600,9.04
786308,6.7,293,257600,217600,9.26
786308,6.7,293,257600,217600,9.72
786308,6.7,293,257600,217600,9.76
786308,6.7,293,257600,217600,9.76
790294,6.4,303,248400,213300,9.52
790294,6.4,303,248400,213300,9.17
790294,6.4,303,248400,213300,9.13
790294,6.4,303,248400,213300,9.53
790294,6.4,303,248400,213300,9.33
790294,6.4,303,248400,213300,9.07
790294,6.4,303,248400,213300,9.14
790294,6.4,303,248400,213300,9.28
790294,6.4,303,248400,213300,9.45
790294,6.4,303,248400,213300,9.59
790294,6.4,303,248400,213300,9.59
790294,6.4,303,248400,213300,9.41
790294,6.4,303,248400,213300,9.23
790294,6.4,303,248400,213300,8.86
790294,6.4,303,248400,213300,8.55
790294,6.4,303,248400,213300,8.63
790294,6.4,303,248400,213300,8.86
790294,6.4,303,248400,213300,9.02
790294,6.4,303,248400,213300,8.66
790294,6.4,303,248400,213300,8.83
790294,6.4,303,248400,213300,8.57
795733,6.3,307,242300,212300,8.13
795733,6.3,307,242300,212300,8.6
795733,6.3,307,242300,212300,8.78
795733,6.3,307,242300,212300,9
795733,6.3,307,242300,212300,8.79
795733,6.3,307,242300,212300,9.17
795733,6.3,307,242300,212300,9.23
795733,6.3,307,242300,212300,9.4
795733,6.3,307,242300,212300,9.35
795733,6.3,307,242300,212300,9.54
795733,6.3,307,242300,212300,9.21
795733,6.3,307,242300,212300,9.52
795733,6.3,307,242300,212300,9.33
795733,6.3,307,242300,212300,9.39
795733,6.3,307,242300,212300,9.6
795733,6.3,307,242300,212300,9.89
795733,6.3,307,242300,212300,9.59
795733,6.3,307,242300,212300,9.8
795733,6.3,307,242300,212300,10.29
795733,6.3,307,242300,212300,10.23
795733,6.3,307,242300,212300,9.93